-- GENERATED BY SCRIPT (Cleaned up Providers and Models)

INSERT OR IGNORE INTO sys_providers (provider_id, provider_name, description) VALUES
('01ai', '零一万物 (01.AI)', NULL),
('anthropic', 'Anthropic', NULL),
('arcee', 'Arcee AI', NULL),
('custom_openai', '自定义 (OpenAI 兼容)', NULL),
('custom_anthropic', '自定义 (Anthropic 兼容)', NULL),
('custom_google', '自定义 (Google 兼容)', NULL),
('azure', 'Microsoft Azure OpenAI', NULL),
('azure_speech', 'Azure Speech', NULL),
('baichuan', '百川智能 (Baichuan)', NULL),
('bedrock', 'Amazon AWS Bedrock', NULL),
('byteplus', 'BytePlus', NULL),
('cerebras', 'Cerebras', NULL),
('chutes', 'Chutes', NULL),
('cloudflare', 'Cloudflare AI Gateway', NULL),
('cohere', 'Cohere', NULL),
('comfyui', 'ComfyUI', NULL),
('dashscope', '阿里云 (通义千问)', NULL),
('deepinfra', 'DeepInfra', NULL),
('deepseek', 'DeepSeek (深度求索)', NULL),
('doubao', '火山引擎 (字节豆包)', NULL),
('ds4', 'ds4 (local DeepSeek V4)', NULL),
('elevenlabs', 'ElevenLabs', NULL),
('fal', 'fal', NULL),
('fireworks', 'Fireworks AI', NULL),
('github_copilot', 'GitHub Copilot', NULL),
('google', 'Google AI Studio (原生 Gemini)', NULL),
('google_agent_platform', 'Google Agent Platform', NULL),
('gradium', 'Gradium', NULL),
('groq', 'Groq (LPU)', NULL),
('huggingface', 'HuggingFace', NULL),
('hunyuan', '腾讯云 (混元)', NULL),
('inferrs', 'inferrs (local models)', NULL),
('kilocode', 'Kilocode', NULL),
('litellm', 'LiteLLM', NULL),
('lmstudio', 'LM Studio (local models)', NULL),
('minimax', 'MiniMax (海螺)', NULL),
('mistral', 'Mistral AI', NULL),
('moonshot', '月之暗面 (Kimi)', NULL),
('nvidia', 'NVIDIA NIM', NULL),
('ollama', 'Ollama (本地部署)', NULL),
('openai', 'OpenAI', NULL),
('opencode', 'OpenCode', NULL),
('openrouter', 'OpenRouter', NULL),
('perplexity', 'Perplexity', NULL),
('qianfan', '百度智能云 (千帆/文心)', NULL),
('replicate', 'Replicate', NULL),
('runway', 'Runway', NULL),
('senseaudio', 'SenseAudio', NULL),
('sensenova', '商汤科技 (日日新)', NULL),
('sglang', 'SGLang (local models)', NULL),
('siliconflow', 'SiliconFlow (硅基流动)', NULL),
('stepfun', '阶跃星辰 (StepFun)', NULL),
('synthetic', 'Synthetic', NULL),
('together', 'Together AI', NULL),
('venice', 'Venice AI', NULL),
('vercel', 'Vercel AI Gateway', NULL),
('vllm', 'vLLM (本地部署)', NULL),
('vydra', 'Vydra', NULL),
('xai', 'xAI (Grok)', NULL),
('xiaomi', 'Xiaomi', NULL),
('zai', 'ZAI', NULL),
('zhipu', '智谱 AI (ChatGLM)', NULL);

INSERT OR IGNORE INTO sys_access_endpoints (endpoint_id, provider_id, display_name, api_protocol, default_base_url, auth_type, auth_header, required_credential_fields, display_order) VALUES
('custom_openai_bearer', 'custom_openai', '自定义 OpenAI Key', 'openai', 'https://api.openai.com/v1', 'bearer', 'Authorization', '["api_key"]', 0),
('custom_anthropic_key', 'custom_anthropic', '自定义 Anthropic Key', 'anthropic', 'https://api.anthropic.com/v1', 'header', 'x-api-key', '["api_key"]', 0),
('custom_google_key', 'custom_google', '自定义 Google Key', 'google', 'https://generativelanguage.googleapis.com/v1beta', 'query', 'key', '["api_key"]', 0),
('01ai_bearer', '01ai', '零一万物 API Key', 'openai', 'https://api.lingyiwanwu.com/v1', 'bearer', 'Authorization', '["api_key"]', 0),
('anthropic_key', 'anthropic', 'Anthropic API Key', 'anthropic', 'https://api.anthropic.com/v1', 'header', 'x-api-key', '["api_key"]', 0),
('arcee_bearer', 'arcee', 'Arcee AI Key', 'openai', 'https://api.arcee.ai/v1', 'bearer', 'Authorization', '["api_key"]', 0),
('azure_key', 'azure', 'Azure API Key', 'openai', 'https://{resource}.openai.azure.com/openai', 'header', 'api-key', '["api_key", "resource"]', 0),
('azure_speech_key', 'azure_speech', 'Azure Speech Key', 'openai', 'https://{region}.tts.speech.microsoft.com', 'header', 'Ocp-Apim-Subscription-Key', '["api_key", "region"]', 0),
('baichuan_bearer', 'baichuan', '百川 API Key', 'openai', 'https://api.baichuan-ai.com/v1', 'bearer', 'Authorization', '["api_key"]', 0),
('bedrock_aksk', 'bedrock', 'AWS AK/SK', 'openai', 'https://bedrock-runtime.{region}.amazonaws.com', 'aws_sigv4', '', '["aws_access_key", "aws_secret_key", "region"]', 0),
('bedrock_mantle_aksk', 'bedrock', 'AWS AK/SK', 'openai', 'https://bedrock-runtime.{region}.amazonaws.com', 'aws_sigv4', '', '["aws_access_key", "aws_secret_key", "region"]', 0),
('byteplus_bearer', 'byteplus', 'BytePlus Key', 'openai', 'https://api.byteplus.com/v1', 'bearer', 'Authorization', '["api_key"]', 0),
('cerebras_bearer', 'cerebras', 'Cerebras API Key', 'openai', 'https://api.cerebras.ai/v1', 'bearer', 'Authorization', '["api_key"]', 0),
('chutes_bearer', 'chutes', 'Chutes Key', 'openai', 'https://api.chutes.ai/v1', 'bearer', 'Authorization', '["api_key"]', 0),
('cloudflare_bearer', 'cloudflare', 'Cloudflare Gateway Key', 'openai', 'https://gateway.ai.cloudflare.com/v1/{account_id}/{gateway_id}/openai', 'bearer', 'Authorization', '["api_key", "account_id", "gateway_id"]', 0),
('cloudflare_workers_bearer', 'cloudflare', 'Cloudflare Workers Key', 'openai', 'https://api.cloudflare.com/client/v4/accounts/{account_id}/ai/v1', 'bearer', 'Authorization', '["api_key", "account_id"]', 0),
('cohere_bearer', 'cohere', 'Cohere API Key', 'openai', 'https://api.cohere.ai/v1', 'bearer', 'Authorization', '["api_key"]', 0),
('comfyui_none', 'comfyui', 'ComfyUI (无鉴权)', 'local', 'http://127.0.0.1:8188', 'none', '', '[]', 0),
('dashscope_bearer', 'dashscope', '阿里云 API Key', 'openai', 'https://dashscope.aliyuncs.com/compatible-mode/v1', 'bearer', 'Authorization', '["api_key"]', 0),
('deepinfra_bearer', 'deepinfra', 'DeepInfra Key', 'openai', 'https://api.deepinfra.com/v1/openai', 'bearer', 'Authorization', '["api_key"]', 0),
('deepseek_anthropic_key', 'deepseek', 'DeepSeek Anthropic Key', 'anthropic', 'https://api.deepseek.com/beta', 'header', 'x-api-key', '["api_key"]', 0),
('deepseek_bearer', 'deepseek', 'DeepSeek API Key', 'openai', 'https://api.deepseek.com/v1', 'bearer', 'Authorization', '["api_key"]', 0),
('doubao_bearer', 'doubao', '火山引擎 API Key', 'openai', 'https://ark.cn-beijing.volces.com/api/v3', 'bearer', 'Authorization', '["api_key"]', 0),
('ds4_none', 'ds4', 'ds4 (无鉴权)', 'local', 'http://127.0.0.1:8080/v1', 'none', '', '[]', 0),
('elevenlabs_bearer', 'elevenlabs', 'ElevenLabs Key', 'openai', 'https://api.elevenlabs.io/v1', 'bearer', 'Authorization', '["api_key"]', 0),
('fal_bearer', 'fal', 'fal API Key', 'openai', 'https://api.fal.ai/v1', 'bearer', 'Authorization', '["api_key"]', 0),
('fireworks_bearer', 'fireworks', 'Fireworks API Key', 'openai', 'https://api.fireworks.ai/inference/v1', 'bearer', 'Authorization', '["api_key"]', 0),
('github_copilot_bearer', 'github_copilot', 'GitHub Copilot Token', 'openai', 'https://api.githubcopilot.com', 'bearer', 'Authorization', '["api_key"]', 0),
('google_key', 'google', 'Google AI Studio Key', 'google', 'https://generativelanguage.googleapis.com/v1beta', 'query', 'key', '["api_key"]', 0),
('google_agent_platform_adc', 'google_agent_platform', 'Google Agent Platform ADC', 'google', 'https://aiplatform.googleapis.com/v1/projects/{project_id}/locations/{region}', 'adc', 'Authorization', '["project_id", "region"]', 0),
('google_agent_platform_key', 'google_agent_platform', 'Google Agent Platform Key', 'google', 'https://aiplatform.googleapis.com/v1/projects/{project_id}/locations/{region}', 'header', 'Authorization', '["api_key", "project_id", "region"]', 0),
('gradium_bearer', 'gradium', 'Gradium Key', 'openai', 'https://api.gradium.ai/v1', 'bearer', 'Authorization', '["api_key"]', 0),
('groq_bearer', 'groq', 'Groq Key', 'openai', 'https://api.groq.com/openai/v1', 'bearer', 'Authorization', '["api_key"]', 0),
('huggingface_bearer', 'huggingface', 'HuggingFace Key', 'openai', 'https://api-inference.huggingface.co/v1', 'bearer', 'Authorization', '["api_key"]', 0),
('hunyuan_bearer', 'hunyuan', '腾讯混元 API Key', 'openai', 'https://api.hunyuan.cloud.tencent.com/v1', 'bearer', 'Authorization', '["api_key"]', 0),
('inferrs_none', 'inferrs', 'inferrs (无鉴权)', 'local', 'http://127.0.0.1:8000/v1', 'none', '', '[]', 0),
('kilocode_bearer', 'kilocode', 'Kilocode Key', 'openai', 'https://api.kilocode.com/v1', 'bearer', 'Authorization', '["api_key"]', 0),
('litellm_bearer', 'litellm', 'LiteLLM Key', 'openai', 'http://127.0.0.1:4000/v1', 'bearer', 'Authorization', '["api_key"]', 0),
('lmstudio_none', 'lmstudio', 'LM Studio (无鉴权)', 'local', 'http://127.0.0.1:1234/v1', 'none', '', '[]', 0),
('minimax_bearer', 'minimax', 'MiniMax API Key', 'openai', 'https://api.minimax.chat/v1', 'bearer', 'Authorization', '["api_key"]', 0),
('mistral_bearer', 'mistral', 'Mistral API Key', 'openai', 'https://api.mistral.ai/v1', 'bearer', 'Authorization', '["api_key"]', 0),
('kimi_coding_bearer', 'moonshot', 'Kimi For Coding Key', 'openai', 'https://api.moonshot.cn/v1', 'bearer', 'Authorization', '["api_key"]', 0),
('moonshot_bearer', 'moonshot', '月之暗面 API Key', 'openai', 'https://api.moonshot.cn/v1', 'bearer', 'Authorization', '["api_key"]', 0),
('nvidia_bearer', 'nvidia', 'NVIDIA NIM Key', 'openai', 'https://integrate.api.nvidia.com/v1', 'bearer', 'Authorization', '["api_key"]', 0),
('ollama_none', 'ollama', 'Ollama 无鉴权', 'local', 'http://127.0.0.1:11434/v1', 'none', '', '[]', 0),
('openai_bearer', 'openai', 'OpenAI API Key', 'openai', 'https://api.openai.com/v1', 'bearer', 'Authorization', '["api_key"]', 0),
('opencode_bearer', 'opencode', 'OpenCode Key', 'openai', 'https://api.opencode.com/v1', 'bearer', 'Authorization', '["api_key"]', 0),
('opencode_go_bearer', 'opencode', 'OpenCode Go Key', 'openai', 'https://api.opencode.com/go/v1', 'bearer', 'Authorization', '["api_key"]', 0),
('opencode_zen_bearer', 'opencode', 'OpenCode Zen Key', 'openai', 'https://api.opencode.com/zen/v1', 'bearer', 'Authorization', '["api_key"]', 0),
('openrouter_bearer', 'openrouter', 'OpenRouter Key', 'openai', 'https://openrouter.ai/api/v1', 'bearer', 'Authorization', '["api_key"]', 0),
('perplexity_bearer', 'perplexity', 'Perplexity Key', 'openai', 'https://api.perplexity.ai', 'bearer', 'Authorization', '["api_key"]', 0),
('qianfan_bearer', 'qianfan', '百度千帆 API Key', 'openai', 'https://qianfan.baidubce.com/v2', 'bearer', 'Authorization', '["api_key"]', 0),
('replicate_bearer', 'replicate', 'Replicate Key', 'openai', 'https://api.replicate.com/v1', 'bearer', 'Authorization', '["api_key"]', 0),
('runway_bearer', 'runway', 'Runway Key', 'openai', 'https://api.runwayml.com/v1', 'bearer', 'Authorization', '["api_key"]', 0),
('senseaudio_bearer', 'senseaudio', 'SenseAudio Key', 'openai', 'https://api.sensenova.cn/v1', 'bearer', 'Authorization', '["api_key"]', 0),
('sensenova_bearer', 'sensenova', '商汤 API Key', 'openai', 'https://api.sensenova.cn/compatible-mode/v1', 'bearer', 'Authorization', '["api_key"]', 0),
('sglang_none', 'sglang', 'SGLang (无鉴权)', 'local', 'http://127.0.0.1:30000/v1', 'none', '', '[]', 0),
('siliconflow_bearer', 'siliconflow', 'SiliconFlow Key', 'openai', 'https://api.siliconflow.cn/v1', 'bearer', 'Authorization', '["api_key"]', 0),
('stepfun_bearer', 'stepfun', '阶跃星辰 API Key', 'openai', 'https://api.stepfun.com/v1', 'bearer', 'Authorization', '["api_key"]', 0),
('synthetic_bearer', 'synthetic', 'Synthetic Key', 'openai', 'https://api.synthetic.ai/v1', 'bearer', 'Authorization', '["api_key"]', 0),
('together_bearer', 'together', 'Together AI Key', 'openai', 'https://api.together.xyz/v1', 'bearer', 'Authorization', '["api_key"]', 0),
('venice_bearer', 'venice', 'Venice AI Key', 'openai', 'https://api.venice.ai/api/v1', 'bearer', 'Authorization', '["api_key"]', 0),
('vercel_bearer', 'vercel', 'Vercel AI Gateway Key', 'openai', 'https://api.vercel.com/v1', 'bearer', 'Authorization', '["api_key"]', 0),
('vllm_none', 'vllm', 'vLLM 无鉴权', 'local', 'http://127.0.0.1:8000/v1', 'none', '', '[]', 0),
('vydra_bearer', 'vydra', 'Vydra Key', 'openai', 'https://api.vydra.ai/v1', 'bearer', 'Authorization', '["api_key"]', 0),
('xai_bearer', 'xai', 'xAI API Key', 'openai', 'https://api.x.ai/v1', 'bearer', 'Authorization', '["api_key"]', 0),
('xiaomi_amsterdam_bearer', 'xiaomi', 'Xiaomi MiMo (Amsterdam)', 'openai', 'https://eu.api.mimo.xiaomi.com/v1', 'bearer', 'Authorization', '["api_key"]', 0),
('xiaomi_bearer', 'xiaomi', 'Xiaomi API Key', 'openai', 'https://api.xiaomi.com/v1', 'bearer', 'Authorization', '["api_key"]', 0),
('xiaomi_china_bearer', 'xiaomi', 'Xiaomi MiMo (China)', 'openai', 'https://api.mimo.xiaomi.com/v1', 'bearer', 'Authorization', '["api_key"]', 0),
('xiaomi_singapore_bearer', 'xiaomi', 'Xiaomi MiMo (Singapore)', 'openai', 'https://sg.api.mimo.xiaomi.com/v1', 'bearer', 'Authorization', '["api_key"]', 0),
('zai_bearer', 'zai', 'ZAI Key', 'openai', 'https://api.zai.com/v1', 'bearer', 'Authorization', '["api_key"]', 0),
('zhipu_bearer', 'zhipu', '智谱 API Key', 'openai', 'https://open.bigmodel.cn/api/paas/v4', 'bearer', 'Authorization', '["api_key"]', 0);

INSERT OR IGNORE INTO sys_models (model_id, provider_id, actual_model_id, display_name, context_length, max_output_tokens, supports_vision, supports_tools) VALUES
('yi-large', '01ai', 'yi-large', 'Yi Large', 0, 0, 0, 0),
('yi-lightning', '01ai', 'yi-lightning', 'Yi Lightning', 0, 0, 0, 0),
('yi-vision', '01ai', 'yi-vision', 'Yi Vision', 0, 0, 0, 0),
('claude-3-5-haiku-latest', 'anthropic', 'claude-3-5-haiku-latest', 'Claude 3 5 Haiku Latest', 0, 0, 0, 0),
('claude-3-7-opus-latest', 'anthropic', 'claude-3-7-opus-latest', 'Claude 3.7 Opus', 0, 0, 0, 0),
('claude-3-7-sonnet-latest', 'anthropic', 'claude-3-7-sonnet-latest', 'Claude 3.7 Sonnet', 0, 0, 0, 0),
('claude-haiku-4-5', 'anthropic', 'claude-haiku-4-5', 'Claude Haiku 4 5', 0, 0, 0, 0),
('claude-haiku-4-5-20251001', 'anthropic', 'claude-haiku-4-5-20251001', 'Claude Haiku 4.5', 0, 0, 0, 0),
('claude-opus-4-0', 'anthropic', 'claude-opus-4-0', 'Claude Opus 4 0', 0, 0, 0, 0),
('claude-opus-4-1', 'anthropic', 'claude-opus-4-1', 'Claude Opus 4 1', 0, 0, 0, 0),
('claude-opus-4-5', 'anthropic', 'claude-opus-4-5', 'Claude Opus 4 5', 0, 0, 0, 0),
('claude-opus-4-5-20251101', 'anthropic', 'claude-opus-4-5-20251101', 'Claude Opus 4.5', 0, 0, 0, 0),
('claude-opus-4-6', 'anthropic', 'claude-opus-4-6', 'Claude Opus 4.6 (Claude CLI)', 0, 0, 0, 0),
('claude-opus-4-7', 'anthropic', 'claude-opus-4-7', 'Claude Opus 4.7 (Claude CLI)', 0, 0, 0, 0),
('claude-sonnet-4-0', 'anthropic', 'claude-sonnet-4-0', 'Claude Sonnet 4 0', 0, 0, 0, 0),
('claude-sonnet-4-5', 'anthropic', 'claude-sonnet-4-5', 'Claude Sonnet 4 5', 0, 0, 0, 0),
('claude-sonnet-4-5-20250929', 'anthropic', 'claude-sonnet-4-5-20250929', 'Claude Sonnet 4.5', 0, 0, 0, 0),
('claude-sonnet-4-6', 'anthropic', 'claude-sonnet-4-6', 'Claude Sonnet 4.6 (Claude CLI)', 0, 0, 0, 0),
('arcee-agent', 'arcee', 'arcee-agent', 'Arcee Agent', 0, 0, 0, 0),
('arcee-lite', 'arcee', 'arcee-lite', 'Arcee Lite', 0, 0, 0, 0),
('arcee-spark', 'arcee', 'arcee-spark', 'Arcee Spark', 0, 0, 0, 0),
('gpt-4', 'azure', 'gpt-4', 'Gpt 4', 0, 0, 0, 0),
('gpt-4-turbo', 'azure', 'gpt-4-turbo', 'Gpt 4 Turbo', 0, 0, 0, 0),
('gpt-4.1', 'azure', 'gpt-4.1', 'Gpt 4.1', 0, 0, 0, 0),
('gpt-4.1-mini', 'azure', 'gpt-4.1-mini', 'Gpt 4.1 Mini', 0, 0, 0, 0),
('gpt-4.1-nano', 'azure', 'gpt-4.1-nano', 'Gpt 4.1 Nano', 0, 0, 0, 0),
('gpt-4o', 'azure', 'gpt-4o', 'Gpt 4O', 0, 0, 0, 0),
('gpt-4o-mini', 'azure', 'gpt-4o-mini', 'Gpt 4O Mini', 0, 0, 0, 0),
('gpt-5', 'azure', 'gpt-5', 'Gpt 5', 0, 0, 0, 0),
('gpt-5-chat-latest', 'azure', 'gpt-5-chat-latest', 'Gpt 5 Chat Latest', 0, 0, 0, 0),
('gpt-5-mini', 'azure', 'gpt-5-mini', 'Gpt 5 Mini', 0, 0, 0, 0),
('gpt-5-nano', 'azure', 'gpt-5-nano', 'Gpt 5 Nano', 0, 0, 0, 0),
('gpt-5-pro', 'azure', 'gpt-5-pro', 'Gpt 5 Pro', 0, 0, 0, 0),
('gpt-5.1', 'azure', 'gpt-5.1', 'Gpt 5.1', 0, 0, 0, 0),
('gpt-5.1-chat-latest', 'azure', 'gpt-5.1-chat-latest', 'Gpt 5.1 Chat Latest', 0, 0, 0, 0),
('gpt-5.3-chat-latest', 'azure', 'gpt-5.3-chat-latest', 'Gpt 5.3 Chat Latest', 0, 0, 0, 0),
('gpt-5.4', 'azure', 'gpt-5.4', 'Gpt 5.4', 0, 0, 0, 0),
('gpt-5.4-mini', 'azure', 'gpt-5.4-mini', 'Azure GPT-5.4 Mini', 0, 0, 0, 0),
('gpt-5.4-nano', 'azure', 'gpt-5.4-nano', 'Gpt 5.4 Nano', 0, 0, 0, 0),
('gpt-5.4-pro', 'azure', 'gpt-5.4-pro', 'Gpt 5.4 Pro', 0, 0, 0, 0),
('gpt-5.5', 'azure', 'gpt-5.5', 'Azure GPT-5.5', 0, 0, 0, 0),
('gpt-5.5-pro', 'azure', 'gpt-5.5-pro', 'Gpt 5.5 Pro', 0, 0, 0, 0),
('o1', 'azure', 'o1', 'O1', 0, 0, 0, 0),
('o1-pro', 'azure', 'o1-pro', 'O1 Pro', 0, 0, 0, 0),
('o3', 'azure', 'o3', 'O3', 0, 0, 0, 0),
('o3-deep-research', 'azure', 'o3-deep-research', 'O3 Deep Research', 0, 0, 0, 0),
('o3-mini', 'azure', 'o3-mini', 'Azure o3-mini', 0, 0, 0, 0),
('o3-pro', 'azure', 'o3-pro', 'O3 Pro', 0, 0, 0, 0),
('o4', 'azure', 'o4', 'Azure o4', 0, 0, 0, 0),
('o4-mini', 'azure', 'o4-mini', 'O4 Mini', 0, 0, 0, 0),
('o4-mini-deep-research', 'azure', 'o4-mini-deep-research', 'O4 Mini Deep Research', 0, 0, 0, 0),
('en-US-JennyNeural', 'azure_speech', 'en-US-JennyNeural', 'Azure Speech (en-US-Jenny)', 0, 0, 0, 0),
('zh-CN-XiaoxiaoNeural', 'azure_speech', 'zh-CN-XiaoxiaoNeural', 'Azure Speech (zh-CN-Xiaoxiao)', 0, 0, 0, 0),
('Baichuan-M1-14B', 'baichuan', 'Baichuan-M1-14B', 'Baichuan M1 14B', 0, 0, 0, 0),
('Baichuan-M2-32B', 'baichuan', 'Baichuan-M2-32B', 'Baichuan M2 32B', 0, 0, 0, 0),
('Baichuan-M3-235B', 'baichuan', 'Baichuan-M3-235B', 'Baichuan M3 235B', 0, 0, 0, 0),
('Baichuan-Omni-1.5', 'baichuan', 'Baichuan-Omni-1.5', 'Baichuan Omni 1.5', 0, 0, 0, 0),
('baichuan-5', 'baichuan', 'baichuan-5', 'Baichuan 5', 0, 0, 0, 0),
('amazon.nova-lite-v1:0', 'bedrock', 'amazon.nova-lite-v1:0', 'Amazon.Nova Lite V1:0', 0, 0, 0, 0),
('amazon.nova-micro-v1:0', 'bedrock', 'amazon.nova-micro-v1:0', 'Amazon.Nova Micro V1:0', 0, 0, 0, 0),
('amazon.nova-pro-latest', 'bedrock', 'amazon.nova-pro-latest', 'Nova Pro (Bedrock)', 0, 0, 0, 0),
('amazon.nova-pro-v1:0', 'bedrock', 'amazon.nova-pro-v1:0', 'Amazon.Nova Pro V1:0', 0, 0, 0, 0),
('deepseek.r1-v1:0', 'bedrock', 'deepseek.r1-v1:0', 'Deepseek.R1 V1:0', 0, 0, 0, 0),
('deepseek.v3-v1:0', 'bedrock', 'deepseek.v3-v1:0', 'Deepseek.V3 V1:0', 0, 0, 0, 0),
('google.gemma-3-4b-it', 'bedrock', 'google.gemma-3-4b-it', 'Google.Gemma 3 4B It', 0, 0, 0, 0),
('meta.llama-4-70b-instruct', 'bedrock', 'meta.llama-4-70b-instruct', 'Llama 4 70B (Bedrock)', 0, 0, 0, 0),
('meta.llama3-1-8b-instruct-v1:0', 'bedrock', 'meta.llama3-1-8b-instruct-v1:0', 'Meta.Llama3 1 8B Instruct V1:0', 0, 0, 0, 0),
('mistral.ministral-3-14b-instruct', 'bedrock', 'mistral.ministral-3-14b-instruct', 'Mistral.Ministral 3 14B Instruct', 0, 0, 0, 0),
('mistral.ministral-3-3b-instruct', 'bedrock', 'mistral.ministral-3-3b-instruct', 'Mistral.Ministral 3 3B Instruct', 0, 0, 0, 0),
('mistral.ministral-3-8b-instruct', 'bedrock', 'mistral.ministral-3-8b-instruct', 'Mistral.Ministral 3 8B Instruct', 0, 0, 0, 0),
('nvidia.nemotron-nano-3-30b', 'bedrock', 'nvidia.nemotron-nano-3-30b', 'Nvidia.Nemotron Nano 3 30B', 0, 0, 0, 0),
('qwen.qwen3-coder-30b-a3b-v1:0', 'bedrock', 'qwen.qwen3-coder-30b-a3b-v1:0', 'Qwen.Qwen3 Coder 30B A3B V1:0', 0, 0, 0, 0),
('qwen.qwen3-coder-480b-a35b-v1:0', 'bedrock', 'qwen.qwen3-coder-480b-a35b-v1:0', 'Qwen.Qwen3 Coder 480B A35B V1:0', 0, 0, 0, 0),
('us.deepseek.r1-v1:0', 'bedrock', 'us.deepseek.r1-v1:0', 'Us.Deepseek.R1 V1:0', 0, 0, 0, 0),
('us.meta.llama4-maverick-17b-instruct-v1:0', 'bedrock', 'us.meta.llama4-maverick-17b-instruct-v1:0', 'Llama 4 Maverick 17B (Bedrock)', 0, 0, 0, 0),
('zai.glm-5', 'bedrock', 'zai.glm-5', 'Zai.Glm 5', 0, 0, 0, 0),
('ark-code-latest', 'byteplus', 'ark-code-latest', 'Ark Coding Plan', 0, 0, 0, 0),
('doubao-seed-code', 'byteplus', 'doubao-seed-code', 'Doubao Seed Code', 0, 0, 0, 0),
('glm-4-7-251222', 'byteplus', 'glm-4-7-251222', 'GLM 4.7', 0, 0, 0, 0),
('glm-4.7', 'byteplus', 'glm-4.7', 'GLM 4.7 Coding', 0, 0, 0, 0),
('kimi-k2-5-260127', 'byteplus', 'kimi-k2-5-260127', 'Kimi K2.5', 0, 0, 0, 0),
('kimi-k2-thinking', 'byteplus', 'kimi-k2-thinking', 'Kimi K2 Thinking', 0, 0, 0, 0),
('kimi-k2.5', 'byteplus', 'kimi-k2.5', 'Kimi K2.5 Coding', 0, 0, 0, 0),
('seed-1-8-251228', 'byteplus', 'seed-1-8-251228', 'Seed 1.8', 0, 0, 0, 0),
('gpt-oss-120b', 'cerebras', 'gpt-oss-120b', 'GPT OSS 120B', 0, 0, 0, 0),
('llama3.1-8b', 'cerebras', 'llama3.1-8b', 'Llama 3.1 8B', 0, 0, 0, 0),
('qwen-3-235b-a22b-instruct-2507', 'cerebras', 'qwen-3-235b-a22b-instruct-2507', 'Qwen 3 235B Instruct', 0, 0, 0, 0),
('zai-glm-4.7', 'cerebras', 'zai-glm-4.7', 'Z.ai GLM 4.7', 0, 0, 0, 0),
('MiniMaxAI/MiniMax-M2.5-TEE', 'chutes', 'MiniMaxAI/MiniMax-M2.5-TEE', 'MiniMaxAI/MiniMax-M2.5-TEE', 0, 0, 0, 0),
('NousResearch/DeepHermes-3-Mistral-24B-Preview', 'chutes', 'NousResearch/DeepHermes-3-Mistral-24B-Preview', 'NousResearch/DeepHermes-3-Mistral-24B-Preview', 0, 0, 0, 0),
('NousResearch/Hermes-4-14B', 'chutes', 'NousResearch/Hermes-4-14B', 'NousResearch/Hermes-4-14B', 0, 0, 0, 0),
('NousResearch/Hermes-4-405B-FP8-TEE', 'chutes', 'NousResearch/Hermes-4-405B-FP8-TEE', 'NousResearch/Hermes-4-405B-FP8-TEE', 0, 0, 0, 0),
('Qwen/Qwen2.5-72B-Instruct', 'chutes', 'Qwen/Qwen2.5-72B-Instruct', 'Qwen/Qwen2.5-72B-Instruct', 0, 0, 0, 0),
('Qwen/Qwen2.5-Coder-32B-Instruct', 'chutes', 'Qwen/Qwen2.5-Coder-32B-Instruct', 'Qwen/Qwen2.5-Coder-32B-Instruct', 0, 0, 0, 0),
('Qwen/Qwen2.5-VL-32B-Instruct', 'chutes', 'Qwen/Qwen2.5-VL-32B-Instruct', 'Qwen/Qwen2.5-VL-32B-Instruct', 0, 0, 0, 0),
('Qwen/Qwen3-14B', 'chutes', 'Qwen/Qwen3-14B', 'Qwen/Qwen3-14B', 0, 0, 0, 0),
('Qwen/Qwen3-235B-A22B-Instruct-2507-TEE', 'chutes', 'Qwen/Qwen3-235B-A22B-Instruct-2507-TEE', 'Qwen/Qwen3-235B-A22B-Instruct-2507-TEE', 0, 0, 0, 0),
('Qwen/Qwen3-235B-A22B-Thinking-2507', 'chutes', 'Qwen/Qwen3-235B-A22B-Thinking-2507', 'Qwen/Qwen3-235B-A22B-Thinking-2507', 0, 0, 0, 0),
('Qwen/Qwen3-30B-A3B', 'chutes', 'Qwen/Qwen3-30B-A3B', 'Qwen/Qwen3-30B-A3B', 0, 0, 0, 0),
('Qwen/Qwen3-32B', 'chutes', 'Qwen/Qwen3-32B', 'Qwen/Qwen3-32B', 0, 0, 0, 0),
('Qwen/Qwen3-Coder-Next-TEE', 'chutes', 'Qwen/Qwen3-Coder-Next-TEE', 'Qwen/Qwen3-Coder-Next-TEE', 0, 0, 0, 0),
('Qwen/Qwen3-Next-80B-A3B-Instruct', 'chutes', 'Qwen/Qwen3-Next-80B-A3B-Instruct', 'Qwen/Qwen3-Next-80B-A3B-Instruct', 0, 0, 0, 0),
('Qwen/Qwen3-VL-235B-A22B-Instruct', 'chutes', 'Qwen/Qwen3-VL-235B-A22B-Instruct', 'Qwen/Qwen3-VL-235B-A22B-Instruct', 0, 0, 0, 0),
('Qwen/Qwen3.5-397B-A17B-TEE', 'chutes', 'Qwen/Qwen3.5-397B-A17B-TEE', 'Qwen/Qwen3.5-397B-A17B-TEE', 0, 0, 0, 0),
('Qwen/Qwen3Guard-Gen-0.6B', 'chutes', 'Qwen/Qwen3Guard-Gen-0.6B', 'Qwen/Qwen3Guard-Gen-0.6B', 0, 0, 0, 0),
('XiaomiMiMo/MiMo-V2-Flash-TEE', 'chutes', 'XiaomiMiMo/MiMo-V2-Flash-TEE', 'XiaomiMiMo/MiMo-V2-Flash-TEE', 0, 0, 0, 0),
('chutesai/Mistral-Small-3.1-24B-Instruct-2503', 'chutes', 'chutesai/Mistral-Small-3.1-24B-Instruct-2503', 'chutesai/Mistral-Small-3.1-24B-Instruct-2503', 0, 0, 0, 0),
('chutesai/Mistral-Small-3.2-24B-Instruct-2506', 'chutes', 'chutesai/Mistral-Small-3.2-24B-Instruct-2506', 'chutesai/Mistral-Small-3.2-24B-Instruct-2506', 0, 0, 0, 0),
('deepseek-ai/DeepSeek-R1-0528-TEE', 'chutes', 'deepseek-ai/DeepSeek-R1-0528-TEE', 'deepseek-ai/DeepSeek-R1-0528-TEE', 0, 0, 0, 0),
('deepseek-ai/DeepSeek-R1-Distill-Llama-70B', 'chutes', 'deepseek-ai/DeepSeek-R1-Distill-Llama-70B', 'deepseek-ai/DeepSeek-R1-Distill-Llama-70B', 0, 0, 0, 0),
('deepseek-ai/DeepSeek-V3', 'chutes', 'deepseek-ai/DeepSeek-V3', 'deepseek-ai/DeepSeek-V3', 0, 0, 0, 0),
('deepseek-ai/DeepSeek-V3-0324-TEE', 'chutes', 'deepseek-ai/DeepSeek-V3-0324-TEE', 'deepseek-ai/DeepSeek-V3-0324-TEE', 0, 0, 0, 0),
('deepseek-ai/DeepSeek-V3.1-TEE', 'chutes', 'deepseek-ai/DeepSeek-V3.1-TEE', 'deepseek-ai/DeepSeek-V3.1-TEE', 0, 0, 0, 0),
('deepseek-ai/DeepSeek-V3.1-Terminus-TEE', 'chutes', 'deepseek-ai/DeepSeek-V3.1-Terminus-TEE', 'deepseek-ai/DeepSeek-V3.1-Terminus-TEE', 0, 0, 0, 0),
('deepseek-ai/DeepSeek-V3.2-TEE', 'chutes', 'deepseek-ai/DeepSeek-V3.2-TEE', 'deepseek-ai/DeepSeek-V3.2-TEE', 0, 0, 0, 0),
('moonshotai/Kimi-K2.5-TEE', 'chutes', 'moonshotai/Kimi-K2.5-TEE', 'moonshotai/Kimi-K2.5-TEE', 0, 0, 0, 0),
('nvidia/NVIDIA-Nemotron-3-Nano-30B-A3B-BF16-TEE', 'chutes', 'nvidia/NVIDIA-Nemotron-3-Nano-30B-A3B-BF16-TEE', 'nvidia/NVIDIA-Nemotron-3-Nano-30B-A3B-BF16-TEE', 0, 0, 0, 0),
('openai/gpt-oss-120b-TEE', 'chutes', 'openai/gpt-oss-120b-TEE', 'openai/gpt-oss-120b-TEE', 0, 0, 0, 0),
('openai/gpt-oss-20b', 'chutes', 'openai/gpt-oss-20b', 'openai/gpt-oss-20b', 0, 0, 0, 0),
('rednote-hilab/dots.ocr', 'chutes', 'rednote-hilab/dots.ocr', 'rednote-hilab/dots.ocr', 0, 0, 0, 0),
('tngtech/DeepSeek-TNG-R1T2-Chimera', 'chutes', 'tngtech/DeepSeek-TNG-R1T2-Chimera', 'tngtech/DeepSeek-TNG-R1T2-Chimera', 0, 0, 0, 0),
('tngtech/R1T2-Chimera-Speed', 'chutes', 'tngtech/R1T2-Chimera-Speed', 'tngtech/R1T2-Chimera-Speed', 0, 0, 0, 0),
('unsloth/Llama-3.2-1B-Instruct', 'chutes', 'unsloth/Llama-3.2-1B-Instruct', 'unsloth/Llama-3.2-1B-Instruct', 0, 0, 0, 0),
('unsloth/Llama-3.2-3B-Instruct', 'chutes', 'unsloth/Llama-3.2-3B-Instruct', 'unsloth/Llama-3.2-3B-Instruct', 0, 0, 0, 0),
('unsloth/Mistral-Nemo-Instruct-2407', 'chutes', 'unsloth/Mistral-Nemo-Instruct-2407', 'unsloth/Mistral-Nemo-Instruct-2407', 0, 0, 0, 0),
('unsloth/Mistral-Small-24B-Instruct-2501', 'chutes', 'unsloth/Mistral-Small-24B-Instruct-2501', 'unsloth/Mistral-Small-24B-Instruct-2501', 0, 0, 0, 0),
('unsloth/gemma-3-12b-it', 'chutes', 'unsloth/gemma-3-12b-it', 'unsloth/gemma-3-12b-it', 0, 0, 0, 0),
('unsloth/gemma-3-27b-it', 'chutes', 'unsloth/gemma-3-27b-it', 'unsloth/gemma-3-27b-it', 0, 0, 0, 0),
('unsloth/gemma-3-4b-it', 'chutes', 'unsloth/gemma-3-4b-it', 'unsloth/gemma-3-4b-it', 0, 0, 0, 0),
('zai-org/GLM-4.6-FP8', 'chutes', 'zai-org/GLM-4.6-FP8', 'zai-org/GLM-4.6-FP8', 0, 0, 0, 0),
('zai-org/GLM-4.6-TEE', 'chutes', 'zai-org/GLM-4.6-TEE', 'zai-org/GLM-4.6-TEE', 0, 0, 0, 0),
('zai-org/GLM-4.6V', 'chutes', 'zai-org/GLM-4.6V', 'zai-org/GLM-4.6V', 0, 0, 0, 0),
('zai-org/GLM-4.7-FP8', 'chutes', 'zai-org/GLM-4.7-FP8', 'zai-org/GLM-4.7-FP8', 0, 0, 0, 0),
('zai-org/GLM-4.7-TEE', 'chutes', 'zai-org/GLM-4.7-TEE', 'zai-org/GLM-4.7-TEE', 0, 0, 0, 0),
('zai-org/GLM-5-TEE', 'chutes', 'zai-org/GLM-5-TEE', 'zai-org/GLM-5-TEE', 0, 0, 0, 0),
('@cf/google/gemma-7b-it', 'cloudflare', '@cf/google/gemma-7b-it', 'Gemma 7B (CF Workers)', 0, 0, 0, 0),
('@cf/ibm-granite/granite-4.0-h-micro', 'cloudflare', '@cf/ibm-granite/granite-4.0-h-micro', '@Cf/Ibm Granite/Granite 4.0 H Micro', 0, 0, 0, 0),
('@cf/meta/llama-3-8b-instruct', 'cloudflare', '@cf/meta/llama-3-8b-instruct', 'Llama 3 8B (CF Workers)', 0, 0, 0, 0),
('@cf/mistral/mistral-7b-instruct-v0.1', 'cloudflare', '@cf/mistral/mistral-7b-instruct-v0.1', 'Mistral 7B (CF Workers)', 0, 0, 0, 0),
('@cf/qwen/qwen3-30b-a3b-fp8', 'cloudflare', '@cf/qwen/qwen3-30b-a3b-fp8', '@Cf/Qwen/Qwen3 30B A3B Fp8', 0, 0, 0, 0),
('claude-3-5-haiku', 'cloudflare', 'claude-3-5-haiku', 'Claude 3 5 Haiku', 0, 0, 0, 0),
('claude-3-haiku', 'cloudflare', 'claude-3-haiku', 'Claude 3 Haiku', 0, 0, 0, 0),
('claude-3-opus', 'cloudflare', 'claude-3-opus', 'Claude 3 Opus', 0, 0, 0, 0),
('claude-3-sonnet', 'cloudflare', 'claude-3-sonnet', 'Claude 3 Sonnet', 0, 0, 0, 0),
('claude-3.5-haiku', 'cloudflare', 'claude-3.5-haiku', 'Claude 3.5 Haiku', 0, 0, 0, 0),
('claude-3.5-sonnet', 'cloudflare', 'claude-3.5-sonnet', 'Claude 3.5 Sonnet', 0, 0, 0, 0),
('claude-opus-4', 'cloudflare', 'claude-opus-4', 'Claude Opus 4', 0, 0, 0, 0),
('claude-sonnet-4', 'cloudflare', 'claude-sonnet-4', 'Claude Sonnet 4', 0, 0, 0, 0),
('openai/gpt-4o', 'cloudflare', 'openai/gpt-4o', 'GPT-4o (Cloudflare Gateway)', 0, 0, 0, 0),
('command-r-plus', 'cohere', 'command-r-plus', 'Command R+', 0, 0, 0, 0),
('command-r7', 'cohere', 'command-r7', 'Command R7', 0, 0, 0, 0),
('comfyui-default', 'comfyui', 'comfyui-default', 'ComfyUI Default Endpoint', 0, 0, 0, 0),
('qwen-3-max', 'dashscope', 'qwen-3-max', 'Qwen 3 Max', 0, 0, 0, 0),
('qwen-3-plus', 'dashscope', 'qwen-3-plus', 'Qwen 3 Plus', 0, 0, 0, 0),
('qwen-coder-plus', 'dashscope', 'qwen-coder-plus', 'Qwen Coder Plus', 0, 0, 0, 0),
('qwen3.5-flash', 'dashscope', 'qwen3.5-flash', 'Qwen 3.5 Flash', 0, 0, 0, 0),
('qwen3.5-plus', 'dashscope', 'qwen3.5-plus', 'Qwen 3.5 Plus', 0, 0, 0, 0),
('qwen3.6-27b', 'dashscope', 'qwen3.6-27b', 'Qwen 3.6 27B', 0, 0, 0, 0),
('qwen3.6-flash', 'dashscope', 'qwen3.6-flash', 'Qwen 3.6 Flash', 0, 0, 0, 0),
('qwen3.7-max', 'dashscope', 'qwen3.7-max', 'Qwen 3.7 Max', 0, 0, 0, 0),
('qwq-32b', 'dashscope', 'qwq-32b', 'QwQ 32B', 0, 0, 0, 0),
('MiniMaxAI/MiniMax-M2.5', 'deepinfra', 'MiniMaxAI/MiniMax-M2.5', 'MiniMax M2.5', 0, 0, 0, 0),
('deepseek-ai/DeepSeek-V3.2', 'deepinfra', 'deepseek-ai/DeepSeek-V3.2', 'DeepSeek V3.2', 0, 0, 0, 0),
('meta-llama/Llama-3.3-70B-Instruct-Turbo', 'deepinfra', 'meta-llama/Llama-3.3-70B-Instruct-Turbo', 'Llama 3.3 70B Instruct Turbo', 0, 0, 0, 0),
('moonshotai/Kimi-K2.5', 'deepinfra', 'moonshotai/Kimi-K2.5', 'Kimi K2.5', 0, 0, 0, 0),
('nvidia/NVIDIA-Nemotron-3-Super-120B-A12B', 'deepinfra', 'nvidia/NVIDIA-Nemotron-3-Super-120B-A12B', 'NVIDIA Nemotron 3 Super 120B A12B', 0, 0, 0, 0),
('stepfun-ai/Step-3.5-Flash', 'deepinfra', 'stepfun-ai/Step-3.5-Flash', 'Step 3.5 Flash', 0, 0, 0, 0),
('zai-org/GLM-5.1', 'deepinfra', 'zai-org/GLM-5.1', 'GLM-5.1', 0, 0, 0, 0),
('deepseek-v4-flash', 'deepseek', 'deepseek-v4-flash', 'DeepSeek V4 Flash', 0, 0, 0, 0),
('deepseek-v4-pro', 'deepseek', 'deepseek-v4-pro', 'DeepSeek V4 Pro', 0, 0, 0, 0),
('ark-code-latest', 'doubao', 'ark-code-latest', 'Ark Coding Plan', 0, 0, 0, 0),
('deepseek-v3-2-251201', 'doubao', 'deepseek-v3-2-251201', 'DeepSeek V3.2', 0, 0, 0, 0),
('doubao-seed-1-8-251228', 'doubao', 'doubao-seed-1-8-251228', 'Doubao Seed 1.8', 0, 0, 0, 0),
('doubao-seed-2-0-code-preview-latest', 'doubao', 'doubao-seed-2-0-code-preview-latest', 'Doubao Seed 2.0 Code Preview', 0, 0, 0, 0),
('doubao-seed-code', 'doubao', 'doubao-seed-code', 'Doubao Seed Code', 0, 0, 0, 0),
('doubao-seed-code-preview-251028', 'doubao', 'doubao-seed-code-preview-251028', 'Doubao Seed Code Preview', 0, 0, 0, 0),
('glm-4-7-251222', 'doubao', 'glm-4-7-251222', 'GLM 4.7', 0, 0, 0, 0),
('glm-4.7', 'doubao', 'glm-4.7', 'GLM 4.7 Coding', 0, 0, 0, 0),
('kimi-k2-5-260127', 'doubao', 'kimi-k2-5-260127', 'Kimi K2.5', 0, 0, 0, 0),
('kimi-k2-thinking', 'doubao', 'kimi-k2-thinking', 'Kimi K2 Thinking', 0, 0, 0, 0),
('kimi-k2.5', 'doubao', 'kimi-k2.5', 'Kimi K2.5 Coding', 0, 0, 0, 0),
('deepseek-v4', 'ds4', 'deepseek-v4', 'DeepSeek V4 (Local ds4)', 0, 0, 0, 0),
('eleven_multilingual_v2', 'elevenlabs', 'eleven_multilingual_v2', 'ElevenLabs Multilingual V2', 0, 0, 0, 0),
('eleven_turbo_v2', 'elevenlabs', 'eleven_turbo_v2', 'ElevenLabs Turbo V2', 0, 0, 0, 0),
('fal-ai/aura-flow', 'fal', 'fal-ai/aura-flow', 'Aura Flow (fal)', 0, 0, 0, 0),
('fal-ai/flux-pro', 'fal', 'fal-ai/flux-pro', 'Flux Pro (fal)', 0, 0, 0, 0),
('fal-ai/flux-realism', 'fal', 'fal-ai/flux-realism', 'Flux Realism (fal)', 0, 0, 0, 0),
('accounts/fireworks/models/deepseek-v4-flash', 'fireworks', 'accounts/fireworks/models/deepseek-v4-flash', 'Accounts/Fireworks/Models/Deepseek V4 Flash', 0, 0, 0, 0),
('accounts/fireworks/models/deepseek-v4-pro', 'fireworks', 'accounts/fireworks/models/deepseek-v4-pro', 'Accounts/Fireworks/Models/Deepseek V4 Pro', 0, 0, 0, 0),
('accounts/fireworks/models/glm-5p1', 'fireworks', 'accounts/fireworks/models/glm-5p1', 'Accounts/Fireworks/Models/Glm 5P1', 0, 0, 0, 0),
('accounts/fireworks/models/kimi-k2p6', 'fireworks', 'accounts/fireworks/models/kimi-k2p6', 'Kimi K2.6', 0, 0, 0, 0),
('accounts/fireworks/models/qwen3p6-plus', 'fireworks', 'accounts/fireworks/models/qwen3p6-plus', 'Accounts/Fireworks/Models/Qwen3P6 Plus', 0, 0, 0, 0),
('accounts/fireworks/routers/glm-5p1-fast', 'fireworks', 'accounts/fireworks/routers/glm-5p1-fast', 'Accounts/Fireworks/Routers/Glm 5P1 Fast', 0, 0, 0, 0),
('accounts/fireworks/routers/kimi-k2p5-turbo', 'fireworks', 'accounts/fireworks/routers/kimi-k2p5-turbo', 'Kimi K2.5 Turbo (Fire Pass)', 0, 0, 0, 0),
('claude-haiku-4.5', 'github_copilot', 'claude-haiku-4.5', 'Claude Haiku 4.5', 0, 0, 0, 0),
('claude-opus-4.5', 'github_copilot', 'claude-opus-4.5', 'Claude Opus 4.5', 0, 0, 0, 0),
('claude-opus-4.6', 'github_copilot', 'claude-opus-4.6', 'Claude Opus 4.6', 0, 0, 0, 0),
('claude-opus-4.7', 'github_copilot', 'claude-opus-4.7', 'Claude Opus 4.7', 0, 0, 0, 0),
('claude-sonnet-4.5', 'github_copilot', 'claude-sonnet-4.5', 'Claude Sonnet 4.5', 0, 0, 0, 0),
('claude-sonnet-4.6', 'github_copilot', 'claude-sonnet-4.6', 'Claude Sonnet 4.6', 0, 0, 0, 0),
('gemini-2.5-pro', 'github_copilot', 'gemini-2.5-pro', 'Gemini 2.5 Pro', 0, 0, 0, 0),
('gemini-3-flash', 'github_copilot', 'gemini-3-flash', 'Gemini 3 Flash', 0, 0, 0, 0),
('gemini-3-flash-preview', 'github_copilot', 'gemini-3-flash-preview', 'Gemini 3 Flash Preview', 0, 0, 0, 0),
('gemini-3.1-pro', 'github_copilot', 'gemini-3.1-pro', 'Gemini 3.1 Pro', 0, 0, 0, 0),
('gemini-3.1-pro-preview', 'github_copilot', 'gemini-3.1-pro-preview', 'Gemini 3.1 Pro Preview', 0, 0, 0, 0),
('gemini-3.5-flash', 'github_copilot', 'gemini-3.5-flash', 'Gemini 3.5 Flash', 0, 0, 0, 0),
('goldeneye', 'github_copilot', 'goldeneye', 'Goldeneye', 0, 0, 0, 0),
('gpt-5.3-codex', 'github_copilot', 'gpt-5.3-codex', 'GPT-5.3-Codex', 0, 0, 0, 0),
('gpt-5.4', 'github_copilot', 'gpt-5.4', 'Gpt 5.4', 0, 0, 0, 0),
('gpt-5.4-mini', 'github_copilot', 'gpt-5.4-mini', 'Azure GPT-5.4 Mini', 0, 0, 0, 0),
('gpt-5.4-nano', 'github_copilot', 'gpt-5.4-nano', 'Gpt 5.4 Nano', 0, 0, 0, 0),
('gpt-5.5', 'github_copilot', 'gpt-5.5', 'Azure GPT-5.5', 0, 0, 0, 0),
('grok-code-fast-1', 'github_copilot', 'grok-code-fast-1', 'Grok Code Fast 1', 0, 0, 0, 0),
('raptor-mini', 'github_copilot', 'raptor-mini', 'Raptor mini', 0, 0, 0, 0),
('gemini-1.5-flash', 'google', 'gemini-1.5-flash', 'Gemini 1.5 Flash', 0, 0, 0, 0),
('gemini-1.5-flash-8b', 'google', 'gemini-1.5-flash-8b', 'Gemini 1.5 Flash 8B', 0, 0, 0, 0),
('gemini-1.5-pro', 'google', 'gemini-1.5-pro', 'Gemini 1.5 Pro', 0, 0, 0, 0),
('gemini-2.5-flash-lite', 'google', 'gemini-2.5-flash-lite', 'Gemini 2.5 Flash Lite', 0, 0, 0, 0),
('gemini-2.5-pro', 'google', 'gemini-2.5-pro', 'Gemini 2.5 Pro', 0, 0, 0, 0),
('gemini-3-flash-preview', 'google', 'gemini-3-flash-preview', 'Gemini 3 Flash Preview', 0, 0, 0, 0),
('gemini-3-pro-preview', 'google', 'gemini-3-pro-preview', 'Gemini 3 Pro Preview', 0, 0, 0, 0),
('gemini-3.0-flash', 'google', 'gemini-3.0-flash', 'Gemini 3.0 Flash', 0, 0, 0, 0),
('gemini-3.0-pro', 'google', 'gemini-3.0-pro', 'Gemini 3.0 Pro', 0, 0, 0, 0),
('gemini-3.1-flash', 'google', 'gemini-3.1-flash', 'Gemini 3.1 Flash', 0, 0, 0, 0),
('gemini-3.1-flash-lite', 'google', 'gemini-3.1-flash-lite', 'Gemini 3.1 Flash Lite', 0, 0, 0, 0),
('gemini-3.1-flash-lite-preview', 'google', 'gemini-3.1-flash-lite-preview', 'Gemini 3.1 Flash Lite Preview', 0, 0, 0, 0),
('gemini-3.1-pro-preview', 'google', 'gemini-3.1-pro-preview', 'Gemini 3.1 Pro Preview', 0, 0, 0, 0),
('gemini-3.1-pro-preview-customtools', 'google', 'gemini-3.1-pro-preview-customtools', 'Gemini 3.1 Pro Preview Customtools', 0, 0, 0, 0),
('gemini-3.5-flash', 'google', 'gemini-3.5-flash', 'Gemini 3.5 Flash', 0, 0, 0, 0),
('gemini-flash-latest', 'google', 'gemini-flash-latest', 'Gemini Flash Latest', 0, 0, 0, 0),
('gemini-flash-lite-latest', 'google', 'gemini-flash-lite-latest', 'Gemini Flash Lite Latest', 0, 0, 0, 0),
('gemma-4', 'google', 'gemma-4', 'Gemma 4', 0, 0, 0, 0),
('gemma-4-31b-it', 'google', 'gemma-4-31b-it', 'Gemma 4 31B It', 0, 0, 0, 0),
('gemini-1.5-flash', 'google_agent_platform', 'gemini-1.5-flash', 'Gemini 1.5 Flash', 0, 0, 0, 0),
('gemini-1.5-flash-8b', 'google_agent_platform', 'gemini-1.5-flash-8b', 'Gemini 1.5 Flash 8B', 0, 0, 0, 0),
('gemini-1.5-pro', 'google_agent_platform', 'gemini-1.5-pro', 'Gemini 1.5 Pro', 0, 0, 0, 0),
('gemini-2.5-flash-lite', 'google_agent_platform', 'gemini-2.5-flash-lite', 'Gemini 2.5 Flash Lite', 0, 0, 0, 0),
('gemini-2.5-pro', 'google_agent_platform', 'gemini-2.5-pro', 'Gemini 2.5 Pro', 0, 0, 0, 0),
('gemini-3-flash-preview', 'google_agent_platform', 'gemini-3-flash-preview', 'Gemini 3 Flash Preview', 0, 0, 0, 0),
('gemini-3-pro-preview', 'google_agent_platform', 'gemini-3-pro-preview', 'Gemini 3 Pro Preview', 0, 0, 0, 0),
('gemini-3.0-flash', 'google_agent_platform', 'gemini-3.0-flash', 'Gemini 3.0 Flash', 0, 0, 0, 0),
('gemini-3.0-pro', 'google_agent_platform', 'gemini-3.0-pro', 'Gemini 3.0 Pro', 0, 0, 0, 0),
('gemini-3.1-flash', 'google_agent_platform', 'gemini-3.1-flash', 'Gemini 3.1 Flash', 0, 0, 0, 0),
('gemini-3.1-flash-lite', 'google_agent_platform', 'gemini-3.1-flash-lite', 'Gemini 3.1 Flash Lite', 0, 0, 0, 0),
('gemini-3.1-flash-lite-preview', 'google_agent_platform', 'gemini-3.1-flash-lite-preview', 'Gemini 3.1 Flash Lite Preview', 0, 0, 0, 0),
('gemini-3.1-pro-preview', 'google_agent_platform', 'gemini-3.1-pro-preview', 'Gemini 3.1 Pro Preview', 0, 0, 0, 0),
('gemini-3.1-pro-preview-customtools', 'google_agent_platform', 'gemini-3.1-pro-preview-customtools', 'Gemini 3.1 Pro Preview Customtools', 0, 0, 0, 0),
('gemini-3.5-flash', 'google_agent_platform', 'gemini-3.5-flash', 'Gemini 3.5 Flash', 0, 0, 0, 0),
('gemini-claude-opus-4-5-thinking', 'google_agent_platform', 'gemini-claude-opus-4-5-thinking', 'Antigravity - Claude Opus 4.5', 0, 0, 0, 0),
('gemini-claude-opus-4-6-thinking', 'google_agent_platform', 'gemini-claude-opus-4-6-thinking', 'Antigravity - Claude Opus 4.6', 0, 0, 0, 0),
('gemini-claude-sonnet-4-5-thinking', 'google_agent_platform', 'gemini-claude-sonnet-4-5-thinking', 'Antigravity - Claude Sonnet 4.5', 0, 0, 0, 0),
('gemini-claude-sonnet-4-6-thinking', 'google_agent_platform', 'gemini-claude-sonnet-4-6-thinking', 'Antigravity - Claude Sonnet 4.6', 0, 0, 0, 0),
('gemini-flash-latest', 'google_agent_platform', 'gemini-flash-latest', 'Gemini Flash Latest', 0, 0, 0, 0),
('gemini-flash-lite-latest', 'google_agent_platform', 'gemini-flash-lite-latest', 'Gemini Flash Lite Latest', 0, 0, 0, 0),
('gemma-4', 'google_agent_platform', 'gemma-4', 'Gemma 4', 0, 0, 0, 0),
('gemma-4-31b-it', 'google_agent_platform', 'gemma-4-31b-it', 'Gemma 4 31B It', 0, 0, 0, 0),
('gradium-v1', 'gradium', 'gradium-v1', 'Gradium V1', 0, 0, 0, 0),
('groq/compound', 'groq', 'groq/compound', 'Compound', 0, 0, 0, 0),
('groq/compound-mini', 'groq', 'groq/compound-mini', 'Compound Mini', 0, 0, 0, 0),
('llama-3.1-8b-instant', 'groq', 'llama-3.1-8b-instant', 'Llama 3.1 8B Instant', 0, 0, 0, 0),
('llama-3.3-70b-versatile', 'groq', 'llama-3.3-70b-versatile', 'Llama 3.3 70B Versatile', 0, 0, 0, 0),
('meta-llama/llama-4-scout-17b-16e-instruct', 'groq', 'meta-llama/llama-4-scout-17b-16e-instruct', 'Llama 4 Scout 17B', 0, 0, 0, 0),
('openai/gpt-oss-120b', 'groq', 'openai/gpt-oss-120b', 'GPT OSS 120B', 0, 0, 0, 0),
('openai/gpt-oss-20b', 'groq', 'openai/gpt-oss-20b', 'openai/gpt-oss-20b', 0, 0, 0, 0),
('openai/gpt-oss-safeguard-20b', 'groq', 'openai/gpt-oss-safeguard-20b', 'Safety GPT OSS 20B', 0, 0, 0, 0),
('qwen/qwen3-32b', 'groq', 'qwen/qwen3-32b', 'Qwen3 32B', 0, 0, 0, 0),
('Qwen/Qwen3-Coder-480B-A35B-Instruct', 'huggingface', 'Qwen/Qwen3-Coder-480B-A35B-Instruct', 'Qwen/Qwen3 Coder 480B A35B Instruct', 0, 0, 0, 0),
('deepseek-ai/DeepSeek-V4-Pro', 'huggingface', 'deepseek-ai/DeepSeek-V4-Pro', 'Deepseek Ai/Deepseek V4 Pro', 0, 0, 0, 0),
('meta-llama/Meta-Llama-4-70B-Instruct', 'huggingface', 'meta-llama/Meta-Llama-4-70B-Instruct', 'Llama 4 70B Instruct', 0, 0, 0, 0),
('zai-org/GLM-5', 'huggingface', 'zai-org/GLM-5', 'Zai Org/Glm 5', 0, 0, 0, 0),
('zai-org/GLM-5.1', 'huggingface', 'zai-org/GLM-5.1', 'GLM-5.1', 0, 0, 0, 0),
('hy3-preview', 'hunyuan', 'hy3-preview', 'Hy3 preview (TokenHub)', 0, 0, 0, 0),
('inferrs-local', 'inferrs', 'inferrs-local', 'Inferrs Local Models', 0, 0, 0, 0),
('google/gemini-3-flash', 'kilocode', 'google/gemini-3-flash', 'Gemini 3 Flash (Kilocode)', 0, 0, 0, 0),
('google/gemini-3-flash-preview', 'kilocode', 'google/gemini-3-flash-preview', 'Gemini 3 Flash Preview (Kilocode)', 0, 0, 0, 0),
('kilo/auto', 'kilocode', 'kilo/auto', 'Kilo Auto', 0, 0, 0, 0),
('claude-3-5-sonnet', 'litellm', 'claude-3-5-sonnet', 'Claude 3.5 Sonnet (LiteLLM)', 0, 0, 0, 0),
('gpt-4o', 'litellm', 'gpt-4o', 'Gpt 4O', 0, 0, 0, 0),
('lmstudio-local', 'lmstudio', 'lmstudio-local', 'LM Studio Local', 0, 0, 0, 0),
('MiniMax-M2.1', 'minimax', 'MiniMax-M2.1', 'MiniMax M2.1', 0, 0, 0, 0),
('MiniMax-M2.5-highspeed', 'minimax', 'MiniMax-M2.5-highspeed', 'MiniMax M2.5 Highspeed', 0, 0, 0, 0),
('MiniMax-M2.7', 'minimax', 'MiniMax-M2.7', 'MiniMax M2.7', 0, 0, 0, 0),
('MiniMax-M2.7-highspeed', 'minimax', 'MiniMax-M2.7-highspeed', 'MiniMax M2.7 Highspeed', 0, 0, 0, 0),
('codestral-latest', 'mistral', 'codestral-latest', 'Codestral (latest)', 0, 0, 0, 0),
('devstral-medium-latest', 'mistral', 'devstral-medium-latest', 'Devstral 2 (latest)', 0, 0, 0, 0),
('magistral-medium-latest', 'mistral', 'magistral-medium-latest', 'Magistral Medium Latest', 0, 0, 0, 0),
('magistral-small', 'mistral', 'magistral-small', 'Magistral Small', 0, 0, 0, 0),
('ministral-3b-latest', 'mistral', 'ministral-3b-latest', 'Ministral 3B Latest', 0, 0, 0, 0),
('ministral-8b-latest', 'mistral', 'ministral-8b-latest', 'Ministral 8B Latest', 0, 0, 0, 0),
('mistral-large-latest', 'mistral', 'mistral-large-latest', 'Mistral Large (latest)', 0, 0, 0, 0),
('mistral-medium-2508', 'mistral', 'mistral-medium-2508', 'Mistral Medium 3.1', 0, 0, 0, 0),
('mistral-medium-3-5', 'mistral', 'mistral-medium-3-5', 'Mistral Medium 3.5', 0, 0, 0, 0),
('mistral-medium-latest', 'mistral', 'mistral-medium-latest', 'Mistral Medium Latest', 0, 0, 0, 0),
('mistral-nemo', 'mistral', 'mistral-nemo', 'Mistral Nemo', 0, 0, 0, 0),
('mistral-small-latest', 'mistral', 'mistral-small-latest', 'Mistral Small (latest)', 0, 0, 0, 0),
('pixtral-large-latest', 'mistral', 'pixtral-large-latest', 'Pixtral Large (latest)', 0, 0, 0, 0),
('kimi-for-coding', 'moonshot', 'kimi-for-coding', 'Kimi For Coding', 0, 0, 0, 0),
('kimi-k2-thinking', 'moonshot', 'kimi-k2-thinking', 'Kimi K2 Thinking', 0, 0, 0, 0),
('kimi-k2-thinking-turbo', 'moonshot', 'kimi-k2-thinking-turbo', 'Kimi K2 Thinking Turbo', 0, 0, 0, 0),
('kimi-k2-turbo', 'moonshot', 'kimi-k2-turbo', 'Kimi K2 Turbo', 0, 0, 0, 0),
('kimi-k2.5', 'moonshot', 'kimi-k2.5', 'Kimi K2.5 Coding', 0, 0, 0, 0),
('kimi-k2.5-coding', 'moonshot', 'kimi-k2.5-coding', 'Kimi K2.5 Coding Mode', 0, 0, 0, 0),
('kimi-k2.6', 'moonshot', 'kimi-k2.6', 'Kimi K2.6', 0, 0, 0, 0),
('kimi-k2.6-coding', 'moonshot', 'kimi-k2.6-coding', 'Kimi K2.6 Coding Mode', 0, 0, 0, 0),
('moonshot-v1-128k', 'moonshot', 'moonshot-v1-128k', 'Moonshot V1 128K', 0, 0, 0, 0),
('moonshot-v1-32k', 'moonshot', 'moonshot-v1-32k', 'Moonshot V1 32K', 0, 0, 0, 0),
('moonshot-v1-8k', 'moonshot', 'moonshot-v1-8k', 'Moonshot V1 8K', 0, 0, 0, 0),
('minimaxai/minimax-m2.5', 'nvidia', 'minimaxai/minimax-m2.5', 'MiniMax M2.5', 0, 0, 0, 0),
('moonshotai/kimi-k2.5', 'nvidia', 'moonshotai/kimi-k2.5', 'Kimi K2.5', 0, 0, 0, 0),
('nvidia/llama-3.1-nemotron-70b-instruct', 'nvidia', 'nvidia/llama-3.1-nemotron-70b-instruct', 'Llama 3.1 Nemotron 70B Instruct', 0, 0, 0, 0),
('nvidia/llama-3.3-70b-instruct', 'nvidia', 'nvidia/llama-3.3-70b-instruct', 'Llama 3.3 70B Instruct', 0, 0, 0, 0),
('nvidia/nemotron-3-super-120b-a12b', 'nvidia', 'nvidia/nemotron-3-super-120b-a12b', 'NVIDIA Nemotron 3 Super 120B', 0, 0, 0, 0),
('z-ai/glm5', 'nvidia', 'z-ai/glm5', 'GLM-5', 0, 0, 0, 0),
('deepseek-r2:32b', 'ollama', 'deepseek-r2:32b', 'DeepSeek R2 32B (Ollama)', 0, 0, 0, 0),
('llama4:70b', 'ollama', 'llama4:70b', 'Llama 4 70B (Ollama)', 0, 0, 0, 0),
('qwen3:32b', 'ollama', 'qwen3:32b', 'Qwen 3 32B (Ollama)', 0, 0, 0, 0),
('gpt-4.1', 'openai', 'gpt-4.1', 'Gpt 4.1', 0, 0, 0, 0),
('gpt-4.1-mini', 'openai', 'gpt-4.1-mini', 'Gpt 4.1 Mini', 0, 0, 0, 0),
('gpt-4.1-nano', 'openai', 'gpt-4.1-nano', 'Gpt 4.1 Nano', 0, 0, 0, 0),
('gpt-4o', 'openai', 'gpt-4o', 'Gpt 4O', 0, 0, 0, 0),
('gpt-4o-mini', 'openai', 'gpt-4o-mini', 'Gpt 4O Mini', 0, 0, 0, 0),
('gpt-5', 'openai', 'gpt-5', 'Gpt 5', 0, 0, 0, 0),
('gpt-5-chat-latest', 'openai', 'gpt-5-chat-latest', 'Gpt 5 Chat Latest', 0, 0, 0, 0),
('gpt-5-mini', 'openai', 'gpt-5-mini', 'Gpt 5 Mini', 0, 0, 0, 0),
('gpt-5-nano', 'openai', 'gpt-5-nano', 'Gpt 5 Nano', 0, 0, 0, 0),
('gpt-5-pro', 'openai', 'gpt-5-pro', 'Gpt 5 Pro', 0, 0, 0, 0),
('gpt-5.1', 'openai', 'gpt-5.1', 'Gpt 5.1', 0, 0, 0, 0),
('gpt-5.1-chat-latest', 'openai', 'gpt-5.1-chat-latest', 'Gpt 5.1 Chat Latest', 0, 0, 0, 0),
('gpt-5.3-chat-latest', 'openai', 'gpt-5.3-chat-latest', 'Gpt 5.3 Chat Latest', 0, 0, 0, 0),
('gpt-5.3-codex', 'openai', 'gpt-5.3-codex', 'GPT-5.3-Codex', 0, 0, 0, 0),
('gpt-5.4', 'openai', 'gpt-5.4', 'Gpt 5.4', 0, 0, 0, 0),
('gpt-5.4-mini', 'openai', 'gpt-5.4-mini', 'Azure GPT-5.4 Mini', 0, 0, 0, 0),
('gpt-5.4-nano', 'openai', 'gpt-5.4-nano', 'Gpt 5.4 Nano', 0, 0, 0, 0),
('gpt-5.4-pro', 'openai', 'gpt-5.4-pro', 'Gpt 5.4 Pro', 0, 0, 0, 0),
('gpt-5.5', 'openai', 'gpt-5.5', 'Azure GPT-5.5', 0, 0, 0, 0),
('gpt-5.5-pro', 'openai', 'gpt-5.5-pro', 'Gpt 5.5 Pro', 0, 0, 0, 0),
('o1', 'openai', 'o1', 'O1', 0, 0, 0, 0),
('o1-pro', 'openai', 'o1-pro', 'O1 Pro', 0, 0, 0, 0),
('o3', 'openai', 'o3', 'O3', 0, 0, 0, 0),
('o3-deep-research', 'openai', 'o3-deep-research', 'O3 Deep Research', 0, 0, 0, 0),
('o3-mini', 'openai', 'o3-mini', 'Azure o3-mini', 0, 0, 0, 0),
('o3-pro', 'openai', 'o3-pro', 'O3 Pro', 0, 0, 0, 0),
('o4-mini', 'openai', 'o4-mini', 'O4 Mini', 0, 0, 0, 0),
('o4-mini-deep-research', 'openai', 'o4-mini-deep-research', 'O4 Mini Deep Research', 0, 0, 0, 0),
('bigckle', 'opencode', 'big-pickle', 'Big Pickle', 0, 0, 0, 0),
('claude-haiku-4-5', 'opencode', 'claude-haiku-4-5', 'Claude Haiku 4 5', 0, 0, 0, 0),
('claude-opus-4-1', 'opencode', 'claude-opus-4-1', 'Claude Opus 4 1', 0, 0, 0, 0),
('claude-opus-4-5', 'opencode', 'claude-opus-4-5', 'Claude Opus 4 5', 0, 0, 0, 0),
('claude-opus-4-6', 'opencode', 'claude-opus-4-6', 'Claude Opus 4.6 (Claude CLI)', 0, 0, 0, 0),
('claude-sonnet-4', 'opencode', 'claude-sonnet-4', 'Claude Sonnet 4', 0, 0, 0, 0),
('claude-sonnet-4-5', 'opencode', 'claude-sonnet-4-5', 'Claude Sonnet 4 5', 0, 0, 0, 0),
('claude-sonnet-4-6', 'opencode', 'claude-sonnet-4-6', 'Claude Sonnet 4.6 (Claude CLI)', 0, 0, 0, 0),
('deepseek-v4-flash', 'opencode', 'deepseek-v4-flash', 'DeepSeek V4 Flash', 0, 0, 0, 0),
('deepseek-v4-flash-free', 'opencode', 'deepseek-v4-flash-free', 'Deepseek V4 Flash Free', 0, 0, 0, 0),
('deepseek-v4-pro', 'opencode', 'deepseek-v4-pro', 'DeepSeek V4 Pro', 0, 0, 0, 0),
('gemini-3-flash', 'opencode', 'gemini-3-flash', 'Gemini 3 Flash', 0, 0, 0, 0),
('gemini-3.1-pro', 'opencode', 'gemini-3.1-pro', 'Gemini 3.1 Pro', 0, 0, 0, 0),
('gemini-3.5-flash', 'opencode', 'gemini-3.5-flash', 'Gemini 3.5 Flash', 0, 0, 0, 0),
('glm-5', 'opencode', 'glm-5', 'Glm 5', 0, 0, 0, 0),
('glm-5.1', 'opencode', 'glm-5.1', 'Glm 5.1', 0, 0, 0, 0),
('gpt-5', 'opencode', 'gpt-5', 'Gpt 5', 0, 0, 0, 0),
('gpt-5-nano', 'opencode', 'gpt-5-nano', 'Gpt 5 Nano', 0, 0, 0, 0),
('gpt-5.1', 'opencode', 'gpt-5.1', 'Gpt 5.1', 0, 0, 0, 0),
('gpt-5.4', 'opencode', 'gpt-5.4', 'Gpt 5.4', 0, 0, 0, 0),
('gpt-5.4-mini', 'opencode', 'gpt-5.4-mini', 'Azure GPT-5.4 Mini', 0, 0, 0, 0),
('gpt-5.4-nano', 'opencode', 'gpt-5.4-nano', 'Gpt 5.4 Nano', 0, 0, 0, 0),
('gpt-5.4-pro', 'opencode', 'gpt-5.4-pro', 'Gpt 5.4 Pro', 0, 0, 0, 0),
('gpt-5.5', 'opencode', 'gpt-5.5', 'Azure GPT-5.5', 0, 0, 0, 0),
('gpt-5.5-pro', 'opencode', 'gpt-5.5-pro', 'Gpt 5.5 Pro', 0, 0, 0, 0),
('grok-build-0.1', 'opencode', 'grok-build-0.1', 'Grok Build 0.1', 0, 0, 0, 0),
('nemotron-3-super-free', 'opencode', 'nemotron-3-super-free', 'Nemotron 3 Super Free', 0, 0, 0, 0),
('opencode-go-latest', 'opencode', 'opencode-go-latest', 'OpenCode Go Latest', 0, 0, 0, 0),
('opencode-zen-latest', 'opencode', 'opencode-zen-latest', 'OpenCode Zen Latest', 0, 0, 0, 0),
('qwen3.5-plus', 'opencode', 'qwen3.5-plus', 'Qwen 3.5 Plus', 0, 0, 0, 0),
('qwen3.6-plus', 'opencode', 'qwen3.6-plus', 'Qwen3.6 Plus', 0, 0, 0, 0),
('alibaba/tongyi-deepresearch-30b-a3b', 'openrouter', 'alibaba/tongyi-deepresearch-30b-a3b', 'Alibaba/Tongyi Deepresearch 30B A3B', 0, 0, 0, 0),
('amazon/nova-lite-v1', 'openrouter', 'amazon/nova-lite-v1', 'Amazon/Nova Lite V1', 0, 0, 0, 0),
('amazon/nova-micro-v1', 'openrouter', 'amazon/nova-micro-v1', 'Amazon/Nova Micro V1', 0, 0, 0, 0),
('amazon/nova-premier-v1', 'openrouter', 'amazon/nova-premier-v1', 'Amazon/Nova Premier V1', 0, 0, 0, 0),
('amazon/nova-pro-v1', 'openrouter', 'amazon/nova-pro-v1', 'Amazon/Nova Pro V1', 0, 0, 0, 0),
('arcee-ai/trinity-large-thinking', 'openrouter', 'arcee-ai/trinity-large-thinking', 'Arcee Ai/Trinity Large Thinking', 0, 0, 0, 0),
('arcee-ai/trinity-large-thinking:free', 'openrouter', 'arcee-ai/trinity-large-thinking:free', 'Arcee Ai/Trinity Large Thinking:Free', 0, 0, 0, 0),
('arcee-ai/trinity-mini', 'openrouter', 'arcee-ai/trinity-mini', 'Arcee Ai/Trinity Mini', 0, 0, 0, 0),
('arcee-ai/virtuoso-large', 'openrouter', 'arcee-ai/virtuoso-large', 'Arcee Ai/Virtuoso Large', 0, 0, 0, 0),
('auto', 'openrouter', 'auto', 'Auto', 0, 0, 0, 0),
('baidu/cobuddy:free', 'openrouter', 'baidu/cobuddy:free', 'Baidu/Cobuddy:Free', 0, 0, 0, 0),
('bytedance-seed/seed-1.6', 'openrouter', 'bytedance-seed/seed-1.6', 'Bytedance Seed/Seed 1.6', 0, 0, 0, 0),
('bytedance-seed/seed-1.6-flash', 'openrouter', 'bytedance-seed/seed-1.6-flash', 'Bytedance Seed/Seed 1.6 Flash', 0, 0, 0, 0),
('deepseek/deepseek-chat', 'openrouter', 'deepseek/deepseek-chat', 'DeepSeek Chat (OR)', 0, 0, 0, 0),
('deepseek/deepseek-chat-v3.1', 'openrouter', 'deepseek/deepseek-chat-v3.1', 'Deepseek/Deepseek Chat V3.1', 0, 0, 0, 0),
('deepseek/deepseek-r1', 'openrouter', 'deepseek/deepseek-r1', 'Deepseek/Deepseek R1', 0, 0, 0, 0),
('deepseek/deepseek-r1-0528', 'openrouter', 'deepseek/deepseek-r1-0528', 'DeepSeek R1 0528 (OR)', 0, 0, 0, 0),
('deepseek/deepseek-v3-0324', 'openrouter', 'deepseek/deepseek-v3-0324', 'DeepSeek V3 0324 (OR)', 0, 0, 0, 0),
('deepseek/deepseek-v3.1-terminus', 'openrouter', 'deepseek/deepseek-v3.1-terminus', 'Deepseek/Deepseek V3.1 Terminus', 0, 0, 0, 0),
('deepseek/deepseek-v4-flash', 'openrouter', 'deepseek/deepseek-v4-flash', 'Deepseek/Deepseek V4 Flash', 0, 0, 0, 0),
('deepseek/deepseek-v4-flash:free', 'openrouter', 'deepseek/deepseek-v4-flash:free', 'Deepseek/Deepseek V4 Flash:Free', 0, 0, 0, 0),
('deepseek/deepseek-v4-pro', 'openrouter', 'deepseek/deepseek-v4-pro', 'Deepseek/Deepseek V4 Pro', 0, 0, 0, 0),
('essentialai/rnj-1-instruct', 'openrouter', 'essentialai/rnj-1-instruct', 'Essentialai/Rnj 1 Instruct', 0, 0, 0, 0),
('google/gemini-3-flash-preview', 'openrouter', 'google/gemini-3-flash-preview', 'Gemini 3 Flash Preview (Kilocode)', 0, 0, 0, 0),
('google/gemini-3-pro', 'openrouter', 'google/gemini-3-pro', 'Gemini 3 Pro (OR)', 0, 0, 0, 0),
('google/gemini-3.1-flash-lite', 'openrouter', 'google/gemini-3.1-flash-lite', 'Google/Gemini 3.1 Flash Lite', 0, 0, 0, 0),
('google/gemini-3.1-flash-lite-preview', 'openrouter', 'google/gemini-3.1-flash-lite-preview', 'Google/Gemini 3.1 Flash Lite Preview', 0, 0, 0, 0),
('google/gemini-3.1-pro', 'openrouter', 'google/gemini-3.1-pro', 'Gemini 3.1 Pro (OR)', 0, 0, 0, 0),
('google/gemini-3.1-pro-preview', 'openrouter', 'google/gemini-3.1-pro-preview', 'Google/Gemini 3.1 Pro Preview', 0, 0, 0, 0),
('google/gemini-3.1-pro-preview-customtools', 'openrouter', 'google/gemini-3.1-pro-preview-customtools', 'Google/Gemini 3.1 Pro Preview Customtools', 0, 0, 0, 0),
('google/gemini-3.5-flash', 'openrouter', 'google/gemini-3.5-flash', 'Google/Gemini 3.5 Flash', 0, 0, 0, 0),
('google/gemma-4-31b-it', 'openrouter', 'google/gemma-4-31b-it', 'Google/Gemma 4 31B It', 0, 0, 0, 0),
('google/gemma-4-31b-it:free', 'openrouter', 'google/gemma-4-31b-it:free', 'Google/Gemma 4 31B It:Free', 0, 0, 0, 0),
('ibm-granite/granite-4.1-8b', 'openrouter', 'ibm-granite/granite-4.1-8b', 'Ibm Granite/Granite 4.1 8B', 0, 0, 0, 0),
('meta-llama/llama-3.1-8b-instruct', 'openrouter', 'meta-llama/llama-3.1-8b-instruct', 'Meta Llama/Llama 3.1 8B Instruct', 0, 0, 0, 0),
('meta-llama/llama-4-scout', 'openrouter', 'meta-llama/llama-4-scout', 'Meta Llama/Llama 4 Scout', 0, 0, 0, 0),
('minimax/minimax-m2.7', 'openrouter', 'minimax/minimax-m2.7', 'MiniMax M2.7 (OR)', 0, 0, 0, 0),
('mistralai/devstral-medium', 'openrouter', 'mistralai/devstral-medium', 'Mistralai/Devstral Medium', 0, 0, 0, 0),
('mistralai/devstral-small', 'openrouter', 'mistralai/devstral-small', 'Mistralai/Devstral Small', 0, 0, 0, 0),
('mistralai/mistral-large', 'openrouter', 'mistralai/mistral-large', 'Mistralai/Mistral Large', 0, 0, 0, 0),
('mistralai/mistral-medium-3', 'openrouter', 'mistralai/mistral-medium-3', 'Mistralai/Mistral Medium 3', 0, 0, 0, 0),
('mistralai/mistral-medium-3-5', 'openrouter', 'mistralai/mistral-medium-3-5', 'Mistralai/Mistral Medium 3 5', 0, 0, 0, 0),
('mistralai/mistral-medium-3.1', 'openrouter', 'mistralai/mistral-medium-3.1', 'Mistralai/Mistral Medium 3.1', 0, 0, 0, 0),
('mistralai/mistral-nemo', 'openrouter', 'mistralai/mistral-nemo', 'Mistralai/Mistral Nemo', 0, 0, 0, 0),
('mistralai/mistral-saba', 'openrouter', 'mistralai/mistral-saba', 'Mistralai/Mistral Saba', 0, 0, 0, 0),
('nvidia/llama-3.3-nemotron-super-49b-v1.5', 'openrouter', 'nvidia/llama-3.3-nemotron-super-49b-v1.5', 'Nvidia/Llama 3.3 Nemotron Super 49B V1.5', 0, 0, 0, 0),
('nvidia/nemotron-3-nano-30b-a3b', 'openrouter', 'nvidia/nemotron-3-nano-30b-a3b', 'Nvidia/Nemotron 3 Nano 30B A3B', 0, 0, 0, 0),
('nvidia/nemotron-3-nano-30b-a3b:free', 'openrouter', 'nvidia/nemotron-3-nano-30b-a3b:free', 'Nvidia/Nemotron 3 Nano 30B A3B:Free', 0, 0, 0, 0),
('nvidia/nemotron-3-nano-omni-30b-a3b-reasoning:free', 'openrouter', 'nvidia/nemotron-3-nano-omni-30b-a3b-reasoning:free', 'Nvidia/Nemotron 3 Nano Omni 30B A3B Reasoning:Free', 0, 0, 0, 0),
('openai/gpt-3.5-turbo', 'openrouter', 'openai/gpt-3.5-turbo', 'Openai/Gpt 3.5 Turbo', 0, 0, 0, 0),
('openai/gpt-3.5-turbo-0613', 'openrouter', 'openai/gpt-3.5-turbo-0613', 'Openai/Gpt 3.5 Turbo 0613', 0, 0, 0, 0),
('openai/gpt-3.5-turbo-16k', 'openrouter', 'openai/gpt-3.5-turbo-16k', 'Openai/Gpt 3.5 Turbo 16K', 0, 0, 0, 0),
('openai/gpt-4', 'openrouter', 'openai/gpt-4', 'Openai/Gpt 4', 0, 0, 0, 0),
('openai/gpt-4-0314', 'openrouter', 'openai/gpt-4-0314', 'Openai/Gpt 4 0314', 0, 0, 0, 0),
('openai/gpt-4-1106-preview', 'openrouter', 'openai/gpt-4-1106-preview', 'Openai/Gpt 4 1106 Preview', 0, 0, 0, 0),
('openai/gpt-4-turbo', 'openrouter', 'openai/gpt-4-turbo', 'Openai/Gpt 4 Turbo', 0, 0, 0, 0),
('openai/gpt-4-turbo-preview', 'openrouter', 'openai/gpt-4-turbo-preview', 'Openai/Gpt 4 Turbo Preview', 0, 0, 0, 0),
('openai/gpt-4.1', 'openrouter', 'openai/gpt-4.1', 'Openai/Gpt 4.1', 0, 0, 0, 0),
('openai/gpt-4.1-mini', 'openrouter', 'openai/gpt-4.1-mini', 'Openai/Gpt 4.1 Mini', 0, 0, 0, 0),
('openai/gpt-4.1-nano', 'openrouter', 'openai/gpt-4.1-nano', 'Openai/Gpt 4.1 Nano', 0, 0, 0, 0),
('openai/gpt-4o', 'openrouter', 'openai/gpt-4o', 'GPT-4o (Cloudflare Gateway)', 0, 0, 0, 0),
('openai/gpt-4o-audio-preview', 'openrouter', 'openai/gpt-4o-audio-preview', 'Openai/Gpt 4O Audio Preview', 0, 0, 0, 0),
('openai/gpt-4o-mini', 'openrouter', 'openai/gpt-4o-mini', 'Openai/Gpt 4O Mini', 0, 0, 0, 0),
('openai/gpt-5', 'openrouter', 'openai/gpt-5', 'Openai/Gpt 5', 0, 0, 0, 0),
('openai/gpt-5-mini', 'openrouter', 'openai/gpt-5-mini', 'Openai/Gpt 5 Mini', 0, 0, 0, 0),
('openai/gpt-5-nano', 'openrouter', 'openai/gpt-5-nano', 'Openai/Gpt 5 Nano', 0, 0, 0, 0),
('openai/gpt-5-pro', 'openrouter', 'openai/gpt-5-pro', 'Openai/Gpt 5 Pro', 0, 0, 0, 0),
('openai/gpt-5.1', 'openrouter', 'openai/gpt-5.1', 'Openai/Gpt 5.1', 0, 0, 0, 0),
('openai/gpt-5.1-chat', 'openrouter', 'openai/gpt-5.1-chat', 'Openai/Gpt 5.1 Chat', 0, 0, 0, 0),
('openai/gpt-5.3-chat', 'openrouter', 'openai/gpt-5.3-chat', 'Openai/Gpt 5.3 Chat', 0, 0, 0, 0),
('openai/gpt-5.4', 'openrouter', 'openai/gpt-5.4', 'GPT-5.4 (OR)', 0, 0, 0, 0),
('openai/gpt-5.4-mini', 'openrouter', 'openai/gpt-5.4-mini', 'Openai/Gpt 5.4 Mini', 0, 0, 0, 0),
('openai/gpt-5.4-nano', 'openrouter', 'openai/gpt-5.4-nano', 'Openai/Gpt 5.4 Nano', 0, 0, 0, 0),
('openai/gpt-5.4-pro', 'openrouter', 'openai/gpt-5.4-pro', 'Openai/Gpt 5.4 Pro', 0, 0, 0, 0),
('openai/gpt-5.5', 'openrouter', 'openai/gpt-5.5', 'GPT-5.5 (OR)', 0, 0, 0, 0),
('openai/gpt-5.5-pro', 'openrouter', 'openai/gpt-5.5-pro', 'Openai/Gpt 5.5 Pro', 0, 0, 0, 0),
('openai/gpt-audio', 'openrouter', 'openai/gpt-audio', 'Openai/Gpt Audio', 0, 0, 0, 0),
('openai/gpt-audio-mini', 'openrouter', 'openai/gpt-audio-mini', 'Openai/Gpt Audio Mini', 0, 0, 0, 0),
('openai/gpt-chat-latest', 'openrouter', 'openai/gpt-chat-latest', 'Openai/Gpt Chat Latest', 0, 0, 0, 0),
('openai/o1', 'openrouter', 'openai/o1', 'Openai/O1', 0, 0, 0, 0),
('openai/o3', 'openrouter', 'openai/o3', 'Openai/O3', 0, 0, 0, 0),
('openai/o3-deep-research', 'openrouter', 'openai/o3-deep-research', 'Openai/O3 Deep Research', 0, 0, 0, 0),
('openai/o3-mini', 'openrouter', 'openai/o3-mini', 'Openai/O3 Mini', 0, 0, 0, 0),
('openai/o3-mini-high', 'openrouter', 'openai/o3-mini-high', 'Openai/O3 Mini High', 0, 0, 0, 0),
('openai/o3-pro', 'openrouter', 'openai/o3-pro', 'Openai/O3 Pro', 0, 0, 0, 0),
('openai/o4', 'openrouter', 'openai/o4', 'o4 (OR)', 0, 0, 0, 0),
('openai/o4-mini', 'openrouter', 'openai/o4-mini', 'Openai/O4 Mini', 0, 0, 0, 0),
('openai/o4-mini-deep-research', 'openrouter', 'openai/o4-mini-deep-research', 'Openai/O4 Mini Deep Research', 0, 0, 0, 0),
('openai/o4-mini-high', 'openrouter', 'openai/o4-mini-high', 'Openai/O4 Mini High', 0, 0, 0, 0),
('openrouter/auto', 'openrouter', 'openrouter/auto', 'Openrouter/Auto', 0, 0, 0, 0),
('openrouter/free', 'openrouter', 'openrouter/free', 'Openrouter/Free', 0, 0, 0, 0),
('openrouter/owl-alpha', 'openrouter', 'openrouter/owl-alpha', 'Openrouter/Owl Alpha', 0, 0, 0, 0),
('openrouter/pareto-code', 'openrouter', 'openrouter/pareto-code', 'Pareto Code (OR)', 0, 0, 0, 0),
('poolside/laguna-m.1:free', 'openrouter', 'poolside/laguna-m.1:free', 'Poolside/Laguna M.1:Free', 0, 0, 0, 0),
('prime-intellect/intellect-3', 'openrouter', 'prime-intellect/intellect-3', 'Prime Intellect/Intellect 3', 0, 0, 0, 0),
('qwen/qwen-plus', 'openrouter', 'qwen/qwen-plus', 'Qwen/Qwen Plus', 0, 0, 0, 0),
('qwen/qwen3-14b', 'openrouter', 'qwen/qwen3-14b', 'Qwen/Qwen3 14B', 0, 0, 0, 0),
('qwen/qwen3-235b-a22b-fp8', 'openrouter', 'qwen/qwen3-235b-a22b-fp8', 'Qwen3 235B FP8 (OR)', 0, 0, 0, 0),
('qwen/qwen3-30b-a3b', 'openrouter', 'qwen/qwen3-30b-a3b', 'Qwen/Qwen3 30B A3B', 0, 0, 0, 0),
('qwen/qwen3-8b', 'openrouter', 'qwen/qwen3-8b', 'Qwen/Qwen3 8B', 0, 0, 0, 0),
('qwen/qwen3-coder', 'openrouter', 'qwen/qwen3-coder', 'Qwen/Qwen3 Coder', 0, 0, 0, 0),
('qwen/qwen3-coder-30b-a3b-instruct', 'openrouter', 'qwen/qwen3-coder-30b-a3b-instruct', 'Qwen/Qwen3 Coder 30B A3B Instruct', 0, 0, 0, 0),
('qwen/qwen3-coder-flash', 'openrouter', 'qwen/qwen3-coder-flash', 'Qwen/Qwen3 Coder Flash', 0, 0, 0, 0),
('qwen/qwen3-coder-plus', 'openrouter', 'qwen/qwen3-coder-plus', 'Qwen/Qwen3 Coder Plus', 0, 0, 0, 0),
('qwen/qwen3-coder:free', 'openrouter', 'qwen/qwen3-coder:free', 'Qwen/Qwen3 Coder:Free', 0, 0, 0, 0),
('qwen/qwen3-plus', 'openrouter', 'qwen/qwen3-plus', 'Qwen 3 Plus (OR)', 0, 0, 0, 0),
('qwen/qwen3-vl-30b-a3b-instruct', 'openrouter', 'qwen/qwen3-vl-30b-a3b-instruct', 'Qwen/Qwen3 Vl 30B A3B Instruct', 0, 0, 0, 0),
('qwen/qwen3-vl-30b-a3b-thinking', 'openrouter', 'qwen/qwen3-vl-30b-a3b-thinking', 'Qwen/Qwen3 Vl 30B A3B Thinking', 0, 0, 0, 0),
('qwen/qwen3-vl-8b-instruct', 'openrouter', 'qwen/qwen3-vl-8b-instruct', 'Qwen/Qwen3 Vl 8B Instruct', 0, 0, 0, 0),
('qwen/qwen3-vl-8b-thinking', 'openrouter', 'qwen/qwen3-vl-8b-thinking', 'Qwen/Qwen3 Vl 8B Thinking', 0, 0, 0, 0),
('qwen/qwen3.5-35b-a3b', 'openrouter', 'qwen/qwen3.5-35b-a3b', 'Qwen/Qwen3.5 35B A3B', 0, 0, 0, 0),
('qwen/qwen3.5-9b', 'openrouter', 'qwen/qwen3.5-9b', 'Qwen/Qwen3.5 9B', 0, 0, 0, 0),
('qwen/qwen3.6-35b-a3b', 'openrouter', 'qwen/qwen3.6-35b-a3b', 'Qwen/Qwen3.6 35B A3B', 0, 0, 0, 0),
('qwen/qwen3.6-flash', 'openrouter', 'qwen/qwen3.6-flash', 'Qwen/Qwen3.6 Flash', 0, 0, 0, 0),
('qwen/qwen3.6-plus', 'openrouter', 'qwen/qwen3.6-plus', 'Qwen/Qwen3.6 Plus', 0, 0, 0, 0),
('rekaai/reka-edge', 'openrouter', 'rekaai/reka-edge', 'Rekaai/Reka Edge', 0, 0, 0, 0),
('relace/relace-search', 'openrouter', 'relace/relace-search', 'Relace/Relace Search', 0, 0, 0, 0),
('stepfun/step-3.5-flash', 'openrouter', 'stepfun/step-3.5-flash', 'Stepfun/Step 3.5 Flash', 0, 0, 0, 0),
('tencent/hy3-preview', 'openrouter', 'tencent/hy3-preview', 'Tencent/Hy3 Preview', 0, 0, 0, 0),
('upstage/solar-pro-3', 'openrouter', 'upstage/solar-pro-3', 'Upstage/Solar Pro 3', 0, 0, 0, 0),
('z-ai/glm-4.5', 'openrouter', 'z-ai/glm-4.5', 'Z Ai/Glm 4.5', 0, 0, 0, 0),
('z-ai/glm-4.5-air', 'openrouter', 'z-ai/glm-4.5-air', 'Z Ai/Glm 4.5 Air', 0, 0, 0, 0),
('z-ai/glm-4.5-air:free', 'openrouter', 'z-ai/glm-4.5-air:free', 'Z Ai/Glm 4.5 Air:Free', 0, 0, 0, 0),
('z-ai/glm-4.5v', 'openrouter', 'z-ai/glm-4.5v', 'Z Ai/Glm 4.5V', 0, 0, 0, 0),
('z-ai/glm-4.6', 'openrouter', 'z-ai/glm-4.6', 'Z Ai/Glm 4.6', 0, 0, 0, 0),
('z-ai/glm-4.6v', 'openrouter', 'z-ai/glm-4.6v', 'Z Ai/Glm 4.6V', 0, 0, 0, 0),
('z-ai/glm-5', 'openrouter', 'z-ai/glm-5', 'Z Ai/Glm 5', 0, 0, 0, 0),
('z-ai/glm-5-turbo', 'openrouter', 'z-ai/glm-5-turbo', 'Z Ai/Glm 5 Turbo', 0, 0, 0, 0),
('z-ai/glm-5.1', 'openrouter', 'z-ai/glm-5.1', 'Z Ai/Glm 5.1', 0, 0, 0, 0),
('z-ai/glm-5v-turbo', 'openrouter', 'z-ai/glm-5v-turbo', 'Z Ai/Glm 5V Turbo', 0, 0, 0, 0),
('~google/gemini-flash-latest', 'openrouter', '~google/gemini-flash-latest', '~Google/Gemini Flash Latest', 0, 0, 0, 0),
('~google/gemini-pro-latest', 'openrouter', '~google/gemini-pro-latest', '~Google/Gemini Pro Latest', 0, 0, 0, 0),
('~moonshotai/kimi-latest', 'openrouter', '~moonshotai/kimi-latest', '~Moonshotai/Kimi Latest', 0, 0, 0, 0),
('~openai/gpt-latest', 'openrouter', '~openai/gpt-latest', '~Openai/Gpt Latest', 0, 0, 0, 0),
('~openai/gpt-mini-latest', 'openrouter', '~openai/gpt-mini-latest', '~Openai/Gpt Mini Latest', 0, 0, 0, 0),
('sonar-pro', 'perplexity', 'sonar-pro', 'Sonar Pro', 0, 0, 0, 0),
('sonar-reasoning', 'perplexity', 'sonar-reasoning', 'Sonar Reasoning', 0, 0, 0, 0),
('deepseek-v3.2', 'qianfan', 'deepseek-v3.2', 'DEEPSEEK V3.2', 0, 0, 0, 0),
('ernie-5.0-thinking-preview', 'qianfan', 'ernie-5.0-thinking-preview', 'ERNIE-5.0-Thinking-Preview', 0, 0, 0, 0),
('qianfan-code-latest', 'qianfan', 'qianfan-code-latest', 'Qianfan Code Latest', 0, 0, 0, 0),
('meta/llama-4-70b-instruct', 'replicate', 'meta/llama-4-70b-instruct', 'Llama 4 70B', 0, 0, 0, 0),
('meta/llama-4-8b-instruct', 'replicate', 'meta/llama-4-8b-instruct', 'Llama 4 8B', 0, 0, 0, 0),
('gen2', 'runway', 'gen2', 'Runway Gen-2', 0, 0, 0, 0),
('gen3-alpha', 'runway', 'gen3-alpha', 'Runway Gen-3 Alpha', 0, 0, 0, 0),
('sensevoice-v1', 'senseaudio', 'sensevoice-v1', 'SenseVoice V1', 0, 0, 0, 0),
('sensenova-6.0', 'sensenova', 'sensenova-6.0', 'SenseNova 6.0', 0, 0, 0, 0),
('sensenova-6.0-flash', 'sensenova', 'sensenova-6.0-flash', 'SenseNova 6.0 Flash', 0, 0, 0, 0),
('sensenova-6.0-pro', 'sensenova', 'sensenova-6.0-pro', 'SenseNova 6.0 Pro', 0, 0, 0, 0),
('sglang-local', 'sglang', 'sglang-local', 'SGLang Local Node', 0, 0, 0, 0),
('THUDM/glm-5', 'siliconflow', 'THUDM/glm-5', 'GLM-5 (SF)', 0, 0, 0, 0),
('deepseek-ai/DeepSeek-V4', 'siliconflow', 'deepseek-ai/DeepSeek-V4', 'DeepSeek V4 (SF)', 0, 0, 0, 0),
('step-3.5-flash', 'stepfun', 'step-3.5-flash', 'Step 3.5 Flash', 0, 0, 0, 0),
('step-3.5-flash-2603', 'stepfun', 'step-3.5-flash-2603', 'Step 3.5 Flash 2603', 0, 0, 0, 0),
('synthetic-v1', 'synthetic', 'synthetic-v1', 'Synthetic V1', 0, 0, 0, 0),
('Qwen/Qwen3-Coder-480B-A35B-Instruct-FP8', 'together', 'Qwen/Qwen3-Coder-480B-A35B-Instruct-FP8', 'Qwen/Qwen3 Coder 480B A35B Instruct Fp8', 0, 0, 0, 0),
('Qwen/Qwen3.6-Plus', 'together', 'Qwen/Qwen3.6-Plus', 'Qwen/Qwen3.6 Plus', 0, 0, 0, 0),
('deepseek-ai/DeepSeek-R1', 'together', 'deepseek-ai/DeepSeek-R1', 'DeepSeek R1', 0, 0, 0, 0),
('deepseek-ai/DeepSeek-V3', 'together', 'deepseek-ai/DeepSeek-V3', 'deepseek-ai/DeepSeek-V3', 0, 0, 0, 0),
('deepseek-ai/DeepSeek-V3-1', 'together', 'deepseek-ai/DeepSeek-V3-1', 'Deepseek Ai/Deepseek V3 1', 0, 0, 0, 0),
('deepseek-ai/DeepSeek-V3.1', 'together', 'deepseek-ai/DeepSeek-V3.1', 'DeepSeek V3.1', 0, 0, 0, 0),
('deepseek-ai/DeepSeek-V4-Pro', 'together', 'deepseek-ai/DeepSeek-V4-Pro', 'Deepseek Ai/Deepseek V4 Pro', 0, 0, 0, 0),
('essentialai/Rnj-1-Instruct', 'together', 'essentialai/Rnj-1-Instruct', 'Essentialai/Rnj 1 Instruct', 0, 0, 0, 0),
('google/gemma-4-31B-it', 'together', 'google/gemma-4-31B-it', 'Google/Gemma 4 31B It', 0, 0, 0, 0),
('meta-llama/Llama-4-Maverick-17B-128E-Instruct-FP8', 'together', 'meta-llama/Llama-4-Maverick-17B-128E-Instruct-FP8', 'Llama 4 Maverick 17B 128E Instruct FP8', 0, 0, 0, 0),
('meta-llama/Llama-4-Scout-17B-16E-Instruct', 'together', 'meta-llama/Llama-4-Scout-17B-16E-Instruct', 'Llama 4 Scout 17B 16E Instruct', 0, 0, 0, 0),
('moonshotai/Kimi-K2-Instruct-0905', 'together', 'moonshotai/Kimi-K2-Instruct-0905', 'Kimi K2-Instruct 0905', 0, 0, 0, 0),
('moonshotai/Kimi-K2.5', 'together', 'moonshotai/Kimi-K2.5', 'Kimi K2.5', 0, 0, 0, 0),
('moonshotai/kimi-k2.5', 'together', 'moonshotai/kimi-k2.5', 'Kimi K2.5', 0, 0, 0, 0),
('zai-org/GLM-4.7', 'together', 'zai-org/GLM-4.7', 'GLM 4.7 Fp8', 0, 0, 0, 0),
('zai-org/GLM-5.1', 'together', 'zai-org/GLM-5.1', 'GLM-5.1', 0, 0, 0, 0),
('zai-org/GLM-5.1-FP8', 'together', 'zai-org/GLM-5.1-FP8', 'GLM 5.1 FP8 (Together)', 0, 0, 0, 0),
('zai-org/glm-5', 'together', 'zai-org/glm-5', 'GLM 5 (Together)', 0, 0, 0, 0),
('claude-opus-4-6', 'venice', 'claude-opus-4-6', 'Claude Opus 4.6 (Claude CLI)', 0, 0, 0, 0),
('claude-sonnet-4-6', 'venice', 'claude-sonnet-4-6', 'Claude Sonnet 4.6 (Claude CLI)', 0, 0, 0, 0),
('deepseek-v3.2', 'venice', 'deepseek-v3.2', 'DEEPSEEK V3.2', 0, 0, 0, 0),
('gemini-3-1-pro-preview', 'venice', 'gemini-3-1-pro-preview', 'Gemini 3.1 Pro (via Venice)', 0, 0, 0, 0),
('gemini-3-flash-preview', 'venice', 'gemini-3-flash-preview', 'Gemini 3 Flash Preview', 0, 0, 0, 0),
('gemini-3-pro-preview', 'venice', 'gemini-3-pro-preview', 'Gemini 3 Pro Preview', 0, 0, 0, 0),
('google-gemma-3-27b-it', 'venice', 'google-gemma-3-27b-it', 'Google Gemma 3 27B Instruct', 0, 0, 0, 0),
('grok-41-fast', 'venice', 'grok-41-fast', 'Grok 4.1 Fast (via Venice)', 0, 0, 0, 0),
('hermes-3-405b', 'venice', 'hermes-3-405b', 'Hermes 3 405B (Venice)', 0, 0, 0, 0),
('hermes-3-70b', 'venice', 'hermes-3-70b', 'Hermes 3 70B (Venice)', 0, 0, 0, 0),
('hermes-3-llama-3.1-405b', 'venice', 'hermes-3-llama-3.1-405b', 'Hermes 3 Llama 3.1 405B', 0, 0, 0, 0),
('kimi-k2-5', 'venice', 'kimi-k2-5', 'Kimi K2.5', 0, 0, 0, 0),
('kimi-k2-thinking', 'venice', 'kimi-k2-thinking', 'Kimi K2 Thinking', 0, 0, 0, 0),
('llama-3.2-3b', 'venice', 'llama-3.2-3b', 'Llama 3.2 3B', 0, 0, 0, 0),
('llama-3.3-70b', 'venice', 'llama-3.3-70b', 'Llama 3.3 70B', 0, 0, 0, 0),
('minimax-m21', 'venice', 'minimax-m21', 'MiniMax M2.1', 0, 0, 0, 0),
('minimax-m25', 'venice', 'minimax-m25', 'MiniMax M2.5', 0, 0, 0, 0),
('mistral-31-24b', 'venice', 'mistral-31-24b', 'Venice Medium (Mistral)', 0, 0, 0, 0),
('nvidia-nemotron-3-nano-30b-a3b', 'venice', 'nvidia-nemotron-3-nano-30b-a3b', 'NVIDIA Nemotron 3 Nano 30B', 0, 0, 0, 0),
('olafangensan-glm-4.7-flash-heretic', 'venice', 'olafangensan-glm-4.7-flash-heretic', 'GLM 4.7 Flash Heretic', 0, 0, 0, 0),
('openai-gpt-4o-2024-11-20', 'venice', 'openai-gpt-4o-2024-11-20', 'GPT-4o (via Venice)', 0, 0, 0, 0),
('openai-gpt-4o-mini-2024-07-18', 'venice', 'openai-gpt-4o-mini-2024-07-18', 'GPT-4o Mini (via Venice)', 0, 0, 0, 0),
('openai-gpt-52', 'venice', 'openai-gpt-52', 'GPT-5.2 (via Venice)', 0, 0, 0, 0),
('openai-gpt-52-codex', 'venice', 'openai-gpt-52-codex', 'GPT-5.2 Codex (via Venice)', 0, 0, 0, 0),
('openai-gpt-53-codex', 'venice', 'openai-gpt-53-codex', 'GPT-5.3 Codex (via Venice)', 0, 0, 0, 0),
('openai-gpt-54', 'venice', 'openai-gpt-54', 'GPT-5.4 (via Venice)', 0, 0, 0, 0),
('openai-gpt-oss-120b', 'venice', 'openai-gpt-oss-120b', 'OpenAI GPT OSS 120B', 0, 0, 0, 0),
('qwen3-235b-a22b-instruct-2507', 'venice', 'qwen3-235b-a22b-instruct-2507', 'Qwen3 235B Instruct', 0, 0, 0, 0),
('qwen3-235b-a22b-thinking-2507', 'venice', 'qwen3-235b-a22b-thinking-2507', 'Qwen3 235B Thinking', 0, 0, 0, 0),
('qwen3-4b', 'venice', 'qwen3-4b', 'Venice Small (Qwen3 4B)', 0, 0, 0, 0),
('qwen3-5-35b-a3b', 'venice', 'qwen3-5-35b-a3b', 'Qwen3.5 35B A3B', 0, 0, 0, 0),
('qwen3-coder-480b-a35b-instruct', 'venice', 'qwen3-coder-480b-a35b-instruct', 'Qwen3 Coder 480B', 0, 0, 0, 0),
('qwen3-coder-480b-a35b-instruct-turbo', 'venice', 'qwen3-coder-480b-a35b-instruct-turbo', 'Qwen3 Coder 480B Turbo', 0, 0, 0, 0),
('qwen3-next-80b', 'venice', 'qwen3-next-80b', 'Qwen3 Next 80B', 0, 0, 0, 0),
('qwen3-vl-235b-a22b', 'venice', 'qwen3-vl-235b-a22b', 'Qwen3 VL 235B (Vision)', 0, 0, 0, 0),
('venice-uncensored', 'venice', 'venice-uncensored', 'Venice Uncensored (Dolphin-Mistral)', 0, 0, 0, 0),
('zai-org-glm-4.6', 'venice', 'zai-org-glm-4.6', 'GLM 4.6', 0, 0, 0, 0),
('zai-org-glm-4.7', 'venice', 'zai-org-glm-4.7', 'GLM 4.7', 0, 0, 0, 0),
('zai-org-glm-4.7-flash', 'venice', 'zai-org-glm-4.7-flash', 'GLM 4.7 Flash', 0, 0, 0, 0),
('zai-org-glm-5', 'venice', 'zai-org-glm-5', 'GLM 5', 0, 0, 0, 0),
('alibaba/qwen-3-14b', 'vercel', 'alibaba/qwen-3-14b', 'Alibaba/Qwen 3 14B', 0, 0, 0, 0),
('alibaba/qwen-3-30b', 'vercel', 'alibaba/qwen-3-30b', 'Alibaba/Qwen 3 30B', 0, 0, 0, 0),
('alibaba/qwen3-coder', 'vercel', 'alibaba/qwen3-coder', 'Alibaba/Qwen3 Coder', 0, 0, 0, 0),
('alibaba/qwen3-coder-30b-a3b', 'vercel', 'alibaba/qwen3-coder-30b-a3b', 'Alibaba/Qwen3 Coder 30B A3B', 0, 0, 0, 0),
('alibaba/qwen3-coder-plus', 'vercel', 'alibaba/qwen3-coder-plus', 'Alibaba/Qwen3 Coder Plus', 0, 0, 0, 0),
('alibaba/qwen3-vl-thinking', 'vercel', 'alibaba/qwen3-vl-thinking', 'Alibaba/Qwen3 Vl Thinking', 0, 0, 0, 0),
('alibaba/qwen3.5-flash', 'vercel', 'alibaba/qwen3.5-flash', 'Alibaba/Qwen3.5 Flash', 0, 0, 0, 0),
('alibaba/qwen3.5-plus', 'vercel', 'alibaba/qwen3.5-plus', 'Alibaba/Qwen3.5 Plus', 0, 0, 0, 0),
('alibaba/qwen3.6-plus', 'vercel', 'alibaba/qwen3.6-plus', 'Alibaba/Qwen3.6 Plus', 0, 0, 0, 0),
('arcee-ai/trinity-large-preview', 'vercel', 'arcee-ai/trinity-large-preview', 'Arcee Ai/Trinity Large Preview', 0, 0, 0, 0),
('bytedance/seed-1.6', 'vercel', 'bytedance/seed-1.6', 'Bytedance/Seed 1.6', 0, 0, 0, 0),
('cohere/command-a', 'vercel', 'cohere/command-a', 'Cohere/Command A', 0, 0, 0, 0),
('deepseek/deepseek-v3', 'vercel', 'deepseek/deepseek-v3', 'Deepseek/Deepseek V3', 0, 0, 0, 0),
('deepseek/deepseek-v3.1', 'vercel', 'deepseek/deepseek-v3.1', 'Deepseek/Deepseek V3.1', 0, 0, 0, 0),
('google/gemini-3-pro-preview', 'vercel', 'google/gemini-3-pro-preview', 'Google/Gemini 3 Pro Preview', 0, 0, 0, 0),
('inception/mercury-coder-small', 'vercel', 'inception/mercury-coder-small', 'Inception/Mercury Coder Small', 0, 0, 0, 0),
('meituan/longcat-flash-chat', 'vercel', 'meituan/longcat-flash-chat', 'Meituan/Longcat Flash Chat', 0, 0, 0, 0),
('meta/llama-3.1-8b', 'vercel', 'meta/llama-3.1-8b', 'Meta/Llama 3.1 8B', 0, 0, 0, 0),
('meta/llama-4-maverick', 'vercel', 'meta/llama-4-maverick', 'Meta/Llama 4 Maverick', 0, 0, 0, 0),
('meta/llama-4-scout', 'vercel', 'meta/llama-4-scout', 'Meta/Llama 4 Scout', 0, 0, 0, 0),
('mistral/codestral', 'vercel', 'mistral/codestral', 'Mistral/Codestral', 0, 0, 0, 0),
('mistral/devstral-small', 'vercel', 'mistral/devstral-small', 'Mistral/Devstral Small', 0, 0, 0, 0),
('mistral/ministral-3b', 'vercel', 'mistral/ministral-3b', 'Mistral/Ministral 3B', 0, 0, 0, 0),
('mistral/ministral-8b', 'vercel', 'mistral/ministral-8b', 'Mistral/Ministral 8B', 0, 0, 0, 0),
('mistral/mistral-medium', 'vercel', 'mistral/mistral-medium', 'Mistral/Mistral Medium', 0, 0, 0, 0),
('mistral/mistral-medium-3.5', 'vercel', 'mistral/mistral-medium-3.5', 'Mistral/Mistral Medium 3.5', 0, 0, 0, 0),
('mistral/mistral-small', 'vercel', 'mistral/mistral-small', 'Mistral/Mistral Small', 0, 0, 0, 0),
('openai/gpt-4o', 'vercel', 'openai/gpt-4o', 'GPT-4o (Cloudflare Gateway)', 0, 0, 0, 0),
('openai/gpt-5-chat', 'vercel', 'openai/gpt-5-chat', 'Openai/Gpt 5 Chat', 0, 0, 0, 0),
('openai/gpt-5.1-instant', 'vercel', 'openai/gpt-5.1-instant', 'Openai/Gpt 5.1 Instant', 0, 0, 0, 0),
('openai/gpt-5.1-thinking', 'vercel', 'openai/gpt-5.1-thinking', 'Openai/Gpt 5.1 Thinking', 0, 0, 0, 0),
('zai/glm-4.5', 'vercel', 'zai/glm-4.5', 'Zai/Glm 4.5', 0, 0, 0, 0),
('zai/glm-4.5-air', 'vercel', 'zai/glm-4.5-air', 'Zai/Glm 4.5 Air', 0, 0, 0, 0),
('zai/glm-4.5v', 'vercel', 'zai/glm-4.5v', 'Zai/Glm 4.5V', 0, 0, 0, 0),
('zai/glm-4.6', 'vercel', 'zai/glm-4.6', 'Zai/Glm 4.6', 0, 0, 0, 0),
('zai/glm-4.6v', 'vercel', 'zai/glm-4.6v', 'Zai/Glm 4.6V', 0, 0, 0, 0),
('zai/glm-4.6v-flash', 'vercel', 'zai/glm-4.6v-flash', 'Zai/Glm 4.6V Flash', 0, 0, 0, 0),
('zai/glm-5', 'vercel', 'zai/glm-5', 'Zai/Glm 5', 0, 0, 0, 0),
('zai/glm-5-turbo', 'vercel', 'zai/glm-5-turbo', 'Zai/Glm 5 Turbo', 0, 0, 0, 0),
('zai/glm-5.1', 'vercel', 'zai/glm-5.1', 'Zai/Glm 5.1', 0, 0, 0, 0),
('zai/glm-5v-turbo', 'vercel', 'zai/glm-5v-turbo', 'Zai/Glm 5V Turbo', 0, 0, 0, 0),
('Qwen/Qwen-3-72B-Instruct', 'vllm', 'Qwen/Qwen-3-72B-Instruct', 'Qwen 3 72B (vLLM)', 0, 0, 0, 0),
('Qwen/Qwen3.5-72B-Instruct', 'vllm', 'Qwen/Qwen3.5-72B-Instruct', 'Qwen 3.5 72B Instruct', 0, 0, 0, 0),
('meta-llama/Llama-4-8B-Instruct', 'vllm', 'meta-llama/Llama-4-8B-Instruct', 'Llama 4 8B (vLLM)', 0, 0, 0, 0),
('vydra-v1', 'vydra', 'vydra-v1', 'Vydra V1', 0, 0, 0, 0),
('grok-2', 'xai', 'grok-2', 'Grok 2', 0, 0, 0, 0),
('grok-3', 'xai', 'grok-3', 'Grok 3', 0, 0, 0, 0),
('grok-3-fast', 'xai', 'grok-3-fast', 'Grok 3 Fast', 0, 0, 0, 0),
('grok-4.3', 'xai', 'grok-4.3', 'Grok 4.3', 0, 0, 0, 0),
('grok-beta', 'xai', 'grok-beta', 'Grok Beta', 0, 0, 0, 0),
('grok-build-0.1', 'xai', 'grok-build-0.1', 'Grok Build 0.1', 0, 0, 0, 0),
('grok-code-fast-1', 'xai', 'grok-code-fast-1', 'Grok Code Fast 1', 0, 0, 0, 0),
('mimo-v2-flash', 'xiaomi', 'mimo-v2-flash', 'Xiaomi MiMo V2 Flash', 0, 0, 0, 0),
('mimo-v2-flash-cn', 'xiaomi', 'mimo-v2-flash-cn', 'MiMo V2 Flash (China)', 0, 0, 0, 0),
('mimo-v2-flash-eu', 'xiaomi', 'mimo-v2-flash-eu', 'MiMo V2 Flash (EU)', 0, 0, 0, 0),
('mimo-v2-flash-sg', 'xiaomi', 'mimo-v2-flash-sg', 'MiMo V2 Flash (SG)', 0, 0, 0, 0),
('mimo-v2-omni', 'xiaomi', 'mimo-v2-omni', 'Xiaomi MiMo V2 Omni', 0, 0, 0, 0),
('mimo-v2-pro', 'xiaomi', 'mimo-v2-pro', 'Xiaomi MiMo V2 Pro', 0, 0, 0, 0),
('glm-4.5', 'zai', 'glm-4.5', 'GLM-4.5', 0, 0, 0, 0),
('glm-4.5-air', 'zai', 'glm-4.5-air', 'GLM-4.5 Air', 0, 0, 0, 0),
('glm-4.5-flash', 'zai', 'glm-4.5-flash', 'GLM-4.5 Flash', 0, 0, 0, 0),
('glm-4.5v', 'zai', 'glm-4.5v', 'GLM-4.5V', 0, 0, 0, 0),
('glm-4.6', 'zai', 'glm-4.6', 'GLM-4.6', 0, 0, 0, 0),
('glm-4.6v', 'zai', 'glm-4.6v', 'GLM-4.6V', 0, 0, 0, 0),
('glm-4.7', 'zai', 'glm-4.7', 'GLM 4.7 Coding', 0, 0, 0, 0),
('glm-4.7-flash', 'zai', 'glm-4.7-flash', 'GLM-4.7 Flash', 0, 0, 0, 0),
('glm-4.7-flashx', 'zai', 'glm-4.7-flashx', 'GLM-4.7 FlashX', 0, 0, 0, 0),
('glm-5', 'zai', 'glm-5', 'Glm 5', 0, 0, 0, 0),
('glm-5-turbo', 'zai', 'glm-5-turbo', 'GLM-5 Turbo', 0, 0, 0, 0),
('glm-5.1', 'zai', 'glm-5.1', 'Glm 5.1', 0, 0, 0, 0),
('glm-5v-turbo', 'zai', 'glm-5v-turbo', 'GLM-5V Turbo', 0, 0, 0, 0),
('glm-4-9b', 'zhipu', 'glm-4-9b', 'GLM 4 9B', 0, 0, 0, 0),
('glm-4-plus', 'zhipu', 'glm-4-plus', 'GLM-4 Plus', 0, 0, 0, 0),
('glm-5', 'zhipu', 'glm-5', 'Glm 5', 0, 0, 0, 0),
('glm-5.1', 'zhipu', 'glm-5.1', 'Glm 5.1', 0, 0, 0, 0),
('glm-5.1-highspeed', 'zhipu', 'glm-5.1-highspeed', 'GLM 5.1 Highspeed', 0, 0, 0, 0);






